DISC MP4	TRACK	ARTIST	TITLE	LOCATION	FILE	TIME START	TIME END						
1	1	---	Opening Credits	London	Live Aid (1985) - S01E01 - Disc 1.mp4	00:00:00.000	00:01:21.615						
1	2	Status Quo	Rockin' All Over the World	London	Live Aid (1985) - S01E01 - Disc 1.mp4	00:01:21.615	00:05:27.828						
1	3	Status Quo	Caroline	London	Live Aid (1985) - S01E01 - Disc 1.mp4	00:05:27.828	00:10:03.536						
1	4	Style Council	Internationalists	London	Live Aid (1985) - S01E01 - Disc 1.mp4	00:10:03.536	00:13:15.995						
1	5	Style Council	Walls Come Tumbling Down	London	Live Aid (1985) - S01E01 - Disc 1.mp4	00:13:15.995	00:16:48.007						
1	6	Boomtown Rats	I Don't Like Mondays	London	Live Aid (1985) - S01E01 - Disc 1.mp4	00:16:48.007	00:22:15.401						
1	7	Style Council	Drag Me Down	London	Live Aid (1985) - S01E01 - Disc 1.mp4	00:22:15.401	00:27:02.287						
1	8	Adam Ant	Vive Le Rock	London	Live Aid (1985) - S01E01 - Disc 1.mp4	00:27:02.287	00:30:49.114						
1	9	Ultravox	Dancing With Tears in My Eyes	London	Live Aid (1985) - S01E01 - Disc 1.mp4	00:30:49.114	00:35:41.640						
1	10	Ultravox	Vienna	London	Live Aid (1985) - S01E01 - Disc 1.mp4	00:35:41.640	00:40:30.028						
1	11	Spandau Ballet	Only When You Leave	London	Live Aid (1985) - S01E01 - Disc 1.mp4	00:40:30.028	00:46:01.359						
1	12	Spandau Ballet	True	London	Live Aid (1985) - S01E01 - Disc 1.mp4	00:46:01.359	00:52:07.391						
1	13	Elvis Costello	All You Need Is Love	London	Live Aid (1985) - S01E01 - Disc 1.mp4	00:52:07.391	00:56:00.324						
1	14	Nik Kershaw	Wouldn't It Be Good	London	Live Aid (1985) - S01E01 - Disc 1.mp4	00:56:00.324	01:01:21.511						
1	15	Sade	Your Love Is King	London	Live Aid (1985) - S01E01 - Disc 1.mp4	01:01:21.511	01:06:04.127						
1	16	Sting + Phil Collins	Roxanne	London	Live Aid (1985) - S01E01 - Disc 1.mp4	01:06:04.127	01:10:00.763						
1	17	Sting + Phil Collins	Against All Odds	London	Live Aid (1985) - S01E01 - Disc 1.mp4	01:10:00.763	01:14:06.475						
1	18	Sting + Phil Collins	Every Breath You Take	London	Live Aid (1985) - S01E01 - Disc 1.mp4	01:14:06.475	01:17:37.653						
1	19	Howard Jones	Hide & Seek	London	Live Aid (1985) - S01E01 - Disc 1.mp4	01:17:37.653	01:22:22.037						
1	20	Bryan Ferry	Slave to Love	London	Live Aid (1985) - S01E01 - Disc 1.mp4	01:22:22.037	01:26:13.835						
1	21	Bryan Ferry	Jealous Guy	London	Live Aid (1985) - S01E01 - Disc 1.mp4	01:26:13.835	01:30:27.689						
1	22	Paul Young	Do They Know It's Christmas?	London	Live Aid (1985) - S01E01 - Disc 1.mp4	01:30:27.689	01:31:55.977						
1	23	Paul Young	Come Back and Stay	London	Live Aid (1985) - S01E01 - Disc 1.mp4	01:31:55.977	01:38:33.908						
1	24	Paul Young + Alison Moyet	That's the Way Love Is	London	Live Aid (1985) - S01E01 - Disc 1.mp4	01:38:33.908	01:43:45.219						
1	25	Paul Young	Every Time You Go Away	London	Live Aid (1985) - S01E01 - Disc 1.mp4	01:43:45.219	01:50:42.970						
1	26	---	Jack Nicholson (Philadelphia)	Philadelphia	Live Aid (1985) - S01E01 - Disc 1.mp4	01:50:42.970	01:51:06.093						
1	27	Bryan Adams	Kids Wanna Rock	Philadelphia	Live Aid (1985) - S01E01 - Disc 1.mp4	01:51:06.093	01:54:24.157						
1	28	Bryan Adams	Summer of '69	Philadelphia	Live Aid (1985) - S01E01 - Disc 1.mp4	01:54:24.157	01:58:43.683						
1	29	---	Jack Nicholson (Philadelphia)	Philadelphia	Live Aid (1985) - S01E01 - Disc 1.mp4	01:58:43.683	02:04:28.761						
1	30	U2	Sunday Bloody Sunday	London	Live Aid (1985) - S01E01 - Disc 1.mp4	02:04:28.761	02:14:09.275						
1	31	U2	Bad	London	Live Aid (1985) - S01E01 - Disc 1.mp4	02:14:09.275	02:16:24.643						
1	32	---	Closing Credits	London	Live Aid (1985) - S01E01 - Disc 1.mp4	02:16:24.643	02:17:44.256						
													
2	1	The Beach Boys	Intro + Wouldn't It Be Nice	Philadelphia	Live Aid (1985) - S01E02 - Disc 2.mp4	00:00:00.000	00:02:48.602						
2	2	The Beach Boys	Good Vibrations	Philadelphia	Live Aid (1985) - S01E02 - Disc 2.mp4	00:02:48.602	00:07:46.266						
2	3	The Beach Boys	Surfin' USA	Philadelphia	Live Aid (1985) - S01E02 - Disc 2.mp4	00:07:46.266	00:10:59.359						
2	4	Dire Straits + Sting	Money For Nothing	London	Live Aid (1985) - S01E02 - Disc 2.mp4	00:10:59.359	00:18:33.546						
2	5	Dire Straits	Sultans Of Swing	London	Live Aid (1985) - S01E02 - Disc 2.mp4	00:18:33.546	00:30:13.145						
2	6	George Thorogood + The Destroyers	Madison Blues	Philadelphia	Live Aid (1985) - S01E02 - Disc 2.mp4	00:30:13.145	00:35:33.765						
2	7	Queen	Bohemian Rhapsody	London	Live Aid (1985) - S01E02 - Disc 2.mp4	00:35:33.765	00:38:16.361						
2	8	Queen	Radio Gaga	London	Live Aid (1985) - S01E02 - Disc 2.mp4	00:38:16.361	00:43:04.982						
2	9	Queen	Hammer To Fall	London	Live Aid (1985) - S01E02 - Disc 2.mp4	00:43:04.982	00:47:19.804						
2	10	Queen	Crazy Little Thing Called Love	London	Live Aid (1985) - S01E02 - Disc 2.mp4	00:47:19.804	00:51:31.188						
2	11	Queen	We Will Rock You	London	Live Aid (1985) - S01E02 - Disc 2.mp4	00:51:31.188	00:52:48.399						
2	12	Queen	We Are The Champions	London	Live Aid (1985) - S01E02 - Disc 2.mp4	00:52:48.399	00:56:34.224						
2	13	Simple Minds	Ghost Dancing	Philadelphia	Live Aid (1985) - S01E02 - Disc 2.mp4	00:56:34.224	01:01:58.048						
2	14	Simple Minds	(Don't You) Forget About Me	Philadelphia	Live Aid (1985) - S01E02 - Disc 2.mp4	01:01:58.048	01:09:18.221						
2	15	David Bowie	TVC15	London	Live Aid (1985) - S01E02 - Disc 2.mp4	01:09:18.221	01:13:06.616						
2	16	David Bowie	Rebel Rebel	London	Live Aid (1985) - S01E02 - Disc 2.mp4	01:13:06.616	01:16:17.273						
2	17	David Bowie	Modern Love	London	Live Aid (1985) - S01E02 - Disc 2.mp4	01:16:17.273	01:19:54.523						
2	18	David Bowie	Heroes	London	Live Aid (1985) - S01E02 - Disc 2.mp4	01:19:54.523	01:26:45.901						
2	19	---	CBC Ethiopian Famine Film	Video	Live Aid (1985) - S01E02 - Disc 2.mp4	01:26:45.901	01:30:54.449						
2	20	Joan Baez	Amazing Grace	Philadelphia	Live Aid (1985) - S01E02 - Disc 2.mp4	01:30:54.449	01:32:22.804						
2	21	The Pretenders	Stop Your Sobbing	Philadelphia	Live Aid (1985) - S01E02 - Disc 2.mp4	01:32:22.804	01:34:25.093						
2	22	The Pretenders	Chain Gang	Philadelphia	Live Aid (1985) - S01E02 - Disc 2.mp4	01:34:25.093	01:38:00.208						
2	23	The Pretenders	Middle Of The Road	Philadelphia	Live Aid (1985) - S01E02 - Disc 2.mp4	01:38:00.208	01:42:46.427						
2	24	The Who	Love Reign O'er Me	London	Live Aid (1985) - S01E02 - Disc 2.mp4	01:42:46.427	01:47:59.707						
2	25	The Who	Won't Get Fooled Again	London	Live Aid (1985) - S01E02 - Disc 2.mp4	01:47:59.707	01:57:35.015						
2	26	Kenny Loggins	Footloose	Philadelphia	Live Aid (1985) - S01E02 - Disc 2.mp4	01:57:35.015	02:02:17.864						
2	27	Elton John	Bennie and the Jets	London	Live Aid (1985) - S01E02 - Disc 2.mp4	02:02:17.864	02:07:33.012						
2	28	Elton John	Rocket Man	London	Live Aid (1985) - S01E02 - Disc 2.mp4	02:07:33.012	02:12:24.136						
2	29	Elton John + Kiki Dee	Don't Go Breaking My Heart	London	Live Aid (1985) - S01E02 - Disc 2.mp4	02:12:24.136	02:17:14.793						
2	30	Elton John + George Michael	Don't Let The Sun Go Down On Me	London	Live Aid (1985) - S01E02 - Disc 2.mp4	02:17:14.793	02:23:30.001						
2	31	---	Closing Credits	Video [Concorde]	Live Aid (1985) - S01E02 - Disc 2.mp4	02:23:30.001	02:24:45.777						
													
3	1	---	Opening Credits	Philadelphia	Live Aid (1985) - S01E03 - Disc 3.mp4	00:00:00.000	00:01:27.888						
3	2	Madonna	Holiday	Philadelphia	Live Aid (1985) - S01E03 - Disc 3.mp4	00:01:27.888	00:07:50.904						
3	3	Madonna	Get Into the Groove	Philadelphia	Live Aid (1985) - S01E03 - Disc 3.mp4	00:07:50.904	00:13:15.194						
3	4	Freddie Mercury + Brian May	Is This the World We Created?	London	Live Aid (1985) - S01E03 - Disc 3.mp4	00:13:15.194	00:16:39.232						
3	5	Paul McCartney	Let It Be	London	Live Aid (1985) - S01E03 - Disc 3.mp4	00:16:39.232	00:22:08.194						
3	6	Band Aid	Do They Know It's Christmas?	London	Live Aid (1985) - S01E03 - Disc 3.mp4	00:22:08.194	00:26:45.604						
3	7	Tom Petty And The Heartbreakers	American Girl	Philadelphia	Live Aid (1985) - S01E03 - Disc 3.mp4	00:26:45.604	00:31:03.462						
3	8	Tom Petty And The Heartbreakers	Refugee	Philadelphia	Live Aid (1985) - S01E03 - Disc 3.mp4	00:31:03.462	00:35:09.774						
3	9	Black Sabbath + Ozzy Osbourne	Paranoid	Philadelphia	Live Aid (1985) - S01E03 - Disc 3.mp4	00:35:09.774	00:39:06.144						
3	10	REO Speedwagon	Can't Fight This Feeling	Philadelphia	Live Aid (1985) - S01E03 - Disc 3.mp4	00:39:06.144	00:44:25.196						
3	11	REO Speedwagon	Roll With the Changes	Philadelphia	Live Aid (1985) - S01E03 - Disc 3.mp4	00:44:25.196	00:49:55.259						
3	12	"Crosby, Stills & Nash"	Teach Your Children	Philadelphia	Live Aid (1985) - S01E03 - Disc 3.mp4	00:49:55.259	00:53:35.045						
3	13	Judas Priest	Living After Midnight	Philadelphia	Live Aid (1985) - S01E03 - Disc 3.mp4	00:53:35.045	00:57:35.986						
3	14	Judas Priest	Green Manalishi	Philadelphia	Live Aid (1985) - S01E03 - Disc 3.mp4	00:57:35.986	01:01:41.431						
3	15	The Cars	Just What I Needed	Philadelphia	Live Aid (1985) - S01E03 - Disc 3.mp4	01:01:41.431	01:05:08.338						
3	16	The Cars	Heartbeat City	Philadelphia	Live Aid (1985) - S01E03 - Disc 3.mp4	01:05:08.338	01:10:21.884						
3	17	Neil Young	The Needle and the Damage Done	Philadelphia	Live Aid (1985) - S01E03 - Disc 3.mp4	01:10:21.884	01:12:58.875						
3	18	Neil Young	Nothing Is Perfect (In God's Perfect Plan)	Philadelphia	Live Aid (1985) - S01E03 - Disc 3.mp4	01:12:58.875	01:17:37.887						
3	19	Thompson Twins + Steve Stevens + Nile Rodgers + Madonna	Revolution	Philadelphia	Live Aid (1985) - S01E03 - Disc 3.mp4	01:17:37.887	01:23:13.956						
3	20	Eric Clapton	White Room	Philadelphia	Live Aid (1985) - S01E03 - Disc 3.mp4	01:23:13.956	01:28:37.279						
3	21	Eric Clapton	She's Waiting	Philadelphia	Live Aid (1985) - S01E03 - Disc 3.mp4	01:28:37.279	01:33:35.810						
3	22	Eric Clapton	Layla	Philadelphia	Live Aid (1985) - S01E03 - Disc 3.mp4	01:33:35.810	01:37:24.205						
3	23	Eric Clapton + Phil Collins Et Al	Layla Piano Exit	Philadelphia	Live Aid (1985) - S01E03 - Disc 3.mp4	01:37:24.205	01:40:37.865						
3	24	---	Jack Nicholson + Bette Midler	Philadelphia	Live Aid (1985) - S01E03 - Disc 3.mp4	01:40:37.865	01:41:48.536						
3	25	Phil Collins	In the Air Tonight	London	Live Aid (1985) - S01E03 - Disc 3.mp4	01:41:48.536	01:47:01.982						
3	26	Duran Duran	Union of the Snake	Philadelphia	Live Aid (1985) - S01E03 - Disc 3.mp4	01:47:01.982	01:52:12.893						
3	27	Duran Duran	Save A Prayer	Philadelphia	Live Aid (1985) - S01E03 - Disc 3.mp4	01:52:12.893	01:58:45.385						
3	28	Duran Duran	The Reflex	Philadelphia	Live Aid (1985) - S01E03 - Disc 3.mp4	01:58:45.385	02:05:34.994						
3	29	Patti Labelle	Imagine	Philadelphia	Live Aid (1985) - S01E03 - Disc 3.mp4	02:05:34.994	02:10:37.997						
3	30	Patti Labelle	Forever Young	Philadelphia	Live Aid (1985) - S01E03 - Disc 3.mp4	02:10:37.997	02:16:36.188						
													
4	1	Daryl Hall & John Oates	Maneater	Philadelphia	Live Aid (1985) - S01E04 - Disc 4.mp4	00:00:00.000	00:05:36.000						
4	2	Daryl Hall & John Oates + Eddie Kendricks	Get Ready (Cos Here I Come)	Philadelphia	Live Aid (1985) - S01E04 - Disc 4.mp4	00:05:36.000	00:08:26.000						
4	3	Daryl Hall & John Oates + Eddie Kendricks + David Ruffin	Ain't Too Proud to Beg	Philadelphia	Live Aid (1985) - S01E04 - Disc 4.mp4	00:08:26.000	00:11:05.000						
4	4	Daryl Hall & John Oates + Eddie Kendricks + David Ruffin	My Girl	Philadelphia	Live Aid (1985) - S01E04 - Disc 4.mp4	00:11:05.000	00:14:54.000						
4	5	Mick Jagger	Just Another Night	Philadelphia	Live Aid (1985) - S01E04 - Disc 4.mp4	00:14:54.000	00:18:27.000						
4	6	Mick Jagger	Just Another Night (Extended Vamp)	Philadelphia	Live Aid (1985) - S01E04 - Disc 4.mp4	00:18:32.000	00:20:31.000						
4	7	Mick Jagger	Miss You	Philadelphia	Live Aid (1985) - S01E04 - Disc 4.mp4	00:20:31.000	00:25:46.000						
4	8	Mick Jagger + Tina Turner	State of Shock	Philadelphia	Live Aid (1985) - S01E04 - Disc 4.mp4	00:25:47.000	00:28:24.000						
4	9	Mick Jagger + Tina Turner	It's Only Rock 'N' Roll	Philadelphia	Live Aid (1985) - S01E04 - Disc 4.mp4	00:28:24.000	00:31:35.000						
4	10	Bob Dylan + Keith Richards + Ron Wood	Blowing in the Wind	Philadelphia	Live Aid (1985) - S01E04 - Disc 4.mp4	00:31:35.000	00:38:14.000						
4	11	USA For Africa	We Are the World (Finale)	Philadelphia	Live Aid (1985) - S01E04 - Disc 4.mp4	00:38:14.000	00:45:51.000						
4	12	INXS	What You Need	Video [Australia]	Live Aid (1985) - S01E04 - Disc 4.mp4	00:45:52.000	00:49:26.000						
4	13	INXS	Don't Change	Video [Australia]	Live Aid (1985) - S01E04 - Disc 4.mp4	00:49:26.000	00:54:38.000						
4	14	B.B. King	Why I Sing the Blues	Video [Netherlands]	Live Aid (1985) - S01E04 - Disc 4.mp4	00:54:38.000	00:58:12.000						
4	15	B.B. King	Don't Answer the Door	Video [Netherlands]	Live Aid (1985) - S01E04 - Disc 4.mp4	00:58:12.000	01:05:15.000						
4	16	B.B. King	Rock Me Baby	Video [Netherlands]	Live Aid (1985) - S01E04 - Disc 4.mp4	01:05:15.000	01:06:14.000						
4	17	Ashford & Simpson + Teddy Pendergrass	Reach Out and Touch	Philadelphia	Live Aid (1985) - S01E04 - Disc 4.mp4	01:06:14.000	01:12:34.000						
4	18	Run D.M.C	King of Rock	Philadelphia	Live Aid (1985) - S01E04 - Disc 4.mp4	01:12:34.000	01:20:02.000						
													
5	1	Cliff Richard	A World of Difference	Video	Live Aid (1985) - S01E05 - Disc 4 Extras.mp4	00:00:00.000	00:02:52.000						
5	2	Various	Austria for Afrika	Video [Austria]	Live Aid (1985) - S01E05 - Disc 4 Extras.mp4	00:02:52.000	00:06:05.000						
5	3	Various	Band Aid - Germany	Video [Germany]	Live Aid (1985) - S01E05 - Disc 4 Extras.mp4	00:06:05.000	00:08:40.000						
5	4	Various	Live Aid - Japan	Video [Japan]	Live Aid (1985) - S01E05 - Disc 4 Extras.mp4	00:08:40.000	00:09:52.000						
5	5	Autograph	Live Aid - USSR	Video [USSR]	Live Aid (1985) - S01E05 - Disc 4 Extras.mp4	00:09:52.000	00:12:08.000						
5	6	Yu Rock Mission	Live Aid - Yugoslavia	Video [Yugoslavia]	Live Aid (1985) - S01E05 - Disc 4 Extras.mp4	00:12:08.000	00:13:51.000						
5	7	All of Us	Live Aid - Norway	Video [Norway]	Live Aid (1985) - S01E05 - Disc 4 Extras.mp4	00:13:51.000	00:17:35.000						
5	8	David Bowie + Mick Jagger	Dancing in the Streets	Video	Live Aid (1985) - S01E05 - Disc 4 Extras.mp4	00:17:35.000	00:20:29.000						
													
6	1	Documentary	Food Trucks and Rock 'N' Roll	Video	Live Aid (1985) - S01E06 - Disc 4 Documentary.mp4	00:00:00.000	01:05:03.000						
													
7	1	BBC	Opening Segments	London	Live Aid (1985) - S01E07 - BBC Simulcast.mp4	00:00:00.000	00:12:00.000						
7	2	Coldstream Guards	Introduced by Richard Skinner - Royal Salute [Arrival of Prince and Princess of Wales]	London	Live Aid (1985) - S01E07 - BBC Simulcast.mp4	00:12:00.000	00:12:25.000						
7	3	Coldstream Guards	"God Save the Queen [Note: First six bars only, Introduced by Tommy Vance]"	London	Live Aid (1985) - S01E07 - BBC Simulcast.mp4	00:12:25.000	00:13:25.000						
7	4	Status Quo	Introduction by Tommy Vance	London	Live Aid (1985) - S01E07 - BBC Simulcast.mp4	00:13:25.000	00:13:47.000						
7	5	Status Quo	Rockin' All Over the World	London	Live Aid (1985) - S01E07 - BBC Simulcast.mp4	00:13:47.000	00:17:41.000						
7	6	Status Quo	Caroline	London	Live Aid (1985) - S01E07 - BBC Simulcast.mp4	00:17:41.000	00:22:15.000						
7	7	Status Quo	Don't Waste My Time	London	Live Aid (1985) - S01E07 - BBC Simulcast.mp4	00:22:15.000	00:26:49.000						
7	8	The Style Council	Introduction by Tommy Vance	London	Live Aid (1985) - S01E07 - BBC Simulcast.mp4	00:31:00.000	00:31:25.000						
7	9	The Style Council	You're the Best Thing	London	Live Aid (1985) - S01E07 - BBC Simulcast.mp4	00:31:25.000	00:36:25.000						
7	10	The Style Council	Big Boss Groove	London	Live Aid (1985) - S01E07 - BBC Simulcast.mp4	00:36:25.000	00:40:20.000						
7	11	The Style Council	Internationalists	London	Live Aid (1985) - S01E07 - BBC Simulcast.mp4	00:40:20.000	00:43:10.000						
7	12	The Style Council	Walls Come Tumbling Down!	London	Live Aid (1985) - S01E07 - BBC Simulcast.mp4	00:43:10.000	00:46:46.000						
7	13	The Boomtown Rats	Introduction by Tommy Vance	London	Live Aid (1985) - S01E07 - BBC Simulcast.mp4	00:56:00.000	00:56:21.000						
7	14	The Boomtown Rats	I Don't Like Mondays	London	Live Aid (1985) - S01E07 - BBC Simulcast.mp4	00:56:21.000	01:01:38.000						
7	15	The Boomtown Rats	Drag Me Down	London	Live Aid (1985) - S01E07 - BBC Simulcast.mp4	01:01:38.000	01:05:41.000						
7	16	The Boomtown Rats	Rat Trap	London	Live Aid (1985) - S01E07 - BBC Simulcast.mp4	01:05:41.000	01:11:18.000						
7	17	Adam Ant	Introduction by Harvey Goldsmith	London	Live Aid (1985) - S01E07 - BBC Simulcast.mp4	01:13:00.000	01:13:55.000						
7	18	Adam Ant	Vive Le Rock	London	Live Aid (1985) - S01E07 - BBC Simulcast.mp4	01:13:55.000	01:17:21.000						
7	19	Oz for Africa	Introduction by Ian Meldrum	Video - Australia	Live Aid (1985) - S01E07 - BBC Simulcast.mp4	01:18:00.000	01:19:00.000						
7	20	Oz for Africa	Music	Video - Australia	Live Aid (1985) - S01E07 - BBC Simulcast.mp4	01:19:00.000	01:30:00.000						
7	21	Ultravox	Reap the Wild Wind	London	Live Aid (1985) - S01E07 - BBC Simulcast.mp4	01:29:00.000	01:31:58.000						
7	22	Ultravox	Dancing with Tears in My Eyes	London	Live Aid (1985) - S01E07 - BBC Simulcast.mp4	01:31:58.000	01:37:07.000						
7	23	Ultravox	One Small Day	London	Live Aid (1985) - S01E07 - BBC Simulcast.mp4	01:37:07.000	01:40:56.000						
7	24	Ultravox	Vienna	London	Live Aid (1985) - S01E07 - BBC Simulcast.mp4	01:40:56.000	01:45:42.000						
7	25	Loudness	Gotta Fight	Video - Japan	Live Aid (1985) - S01E07 - BBC Simulcast.mp4	01:46:00.000	01:47:56.000						
7	26	Off Cause	Endless Night	Video - Japan	Live Aid (1985) - S01E07 - BBC Simulcast.mp4	01:47:56.000	01:49:54.000						
7	27	Eikichi Yazawa	Take It Time	Video - Japan	Live Aid (1985) - S01E07 - BBC Simulcast.mp4	01:49:54.000	01:51:45.000						
7	28	Motoharu San	Shame	Video - Japan	Live Aid (1985) - S01E07 - BBC Simulcast.mp4	01:51:45.000	01:54:52.000						
7	29	Spandau Ballet	Introduction by Andy Peebles	London	Live Aid (1985) - S01E07 - BBC Simulcast.mp4	01:58:00.000	01:58:32.000						
7	30	Spandau Ballet	Only When You Leave	London	Live Aid (1985) - S01E07 - BBC Simulcast.mp4	01:58:32.000	02:03:54.000						
7	31	Bernard Watson	All I Really Want to Do	Philadelphia	Live Aid (1985) - S01E07 - BBC Simulcast.mp4	02:03:00.000	02:08:00.000						
7	32	Spandau Ballet	Virgin	London	Live Aid (1985) - S01E07 - BBC Simulcast.mp4	02:03:54.000	02:08:34.000						
7	33	Bernard Watson	Interview	Philadelphia	Live Aid (1985) - S01E07 - BBC Simulcast.mp4	02:08:00.000	02:12:03.000						
7	34	Spandau Ballet	True	London	Live Aid (1985) - S01E07 - BBC Simulcast.mp4	02:08:34.000	02:14:27.000						
7	35	Joan Baez	Introduction by Bill Graham of Jack Nicholson	Philadelphia	Live Aid (1985) - S01E07 - BBC Simulcast.mp4	02:13:00.000	02:13:46.000						
7	36	Joan Baez	Introduction by Jack Nicholson	Philadelphia	Live Aid (1985) - S01E07 - BBC Simulcast.mp4	02:13:46.000	02:15:05.000						
7	37	Joan Baez	Speech	Philadelphia	Live Aid (1985) - S01E07 - BBC Simulcast.mp4	02:15:05.000	02:16:20.000						
7	38	Joan Baez	Amazing Grace	Philadelphia	Live Aid (1985) - S01E07 - BBC Simulcast.mp4	02:16:20.000	02:18:15.000						
7	39	Joan Baez	We Are the World	Philadelphia	Live Aid (1985) - S01E07 - BBC Simulcast.mp4	02:18:15.000	02:20:49.000						
7	40	Elvis Costello	Introduction by Andy Peebles	London	Live Aid (1985) - S01E07 - BBC Simulcast.mp4	02:19:00.000	02:19:24.000						
7	41	Elvis Costello	All You Need Is Love	London	Live Aid (1985) - S01E07 - BBC Simulcast.mp4	02:19:24.000	02:23:06.000						
7	42	The Hooters	Introduction by Bill Graham of Chevy Chase and Joe Piscopo	Philadelphia	Live Aid (1985) - S01E07 - BBC Simulcast.mp4	02:22:00.000	02:23:30.000						
7	43	The Hooters	Introduction by Chevy Chase and Joe Piscopo	Philadelphia	Live Aid (1985) - S01E07 - BBC Simulcast.mp4	02:23:30.000	02:25:00.000						
7	44	Austria for Afrika	Introduction	Video - Austria	Live Aid (1985) - S01E07 - BBC Simulcast.mp4	02:24:00.000	02:24:52.000						
7	45	Austria for Afrika	Warum	Video - Austria	Live Aid (1985) - S01E07 - BBC Simulcast.mp4	02:24:52.000	02:29:23.000						
7	46	The Hooters	And We Danced	Philadelphia	Live Aid (1985) - S01E07 - BBC Simulcast.mp4	02:25:00.000	02:29:37.000						
7	47	The Hooters	All You Zombies	Philadelphia	Live Aid (1985) - S01E07 - BBC Simulcast.mp4	02:29:37.000	02:35:21.000						
7	48	Nik Kershaw	Introduction by Tommy Vance	London	Live Aid (1985) - S01E07 - BBC Simulcast.mp4	02:34:00.000	02:34:39.000						
7	49	Nik Kershaw	Wide Boy	London	Live Aid (1985) - S01E07 - BBC Simulcast.mp4	02:34:39.000	02:38:04.000						
7	50	Nik Kershaw	Don Quixote	London	Live Aid (1985) - S01E07 - BBC Simulcast.mp4	02:38:04.000	02:42:52.000						
7	51	Nik Kershaw	The Riddle	London	Live Aid (1985) - S01E07 - BBC Simulcast.mp4	02:42:52.000	02:47:05.000						
7	52	Four Tops	Introduction by Chevy Chase	Philadelphia	Live Aid (1985) - S01E07 - BBC Simulcast.mp4	02:44:00.000	02:44:20.000						
7	53	Four Tops	"Shake Me, Wake Me (When It's Over)"	Philadelphia	Live Aid (1985) - S01E07 - BBC Simulcast.mp4	02:44:20.000	02:47:02.000						
7	54	Four Tops	Bernadette	Philadelphia	Live Aid (1985) - S01E07 - BBC Simulcast.mp4	02:47:02.000	02:48:45.000						
7	55	Nik Kershaw	Wouldn't It Be Good	London	Live Aid (1985) - S01E07 - BBC Simulcast.mp4	02:47:05.000	02:52:17.000						
7	56	Four Tops	It's the Same Old Song	Philadelphia	Live Aid (1985) - S01E07 - BBC Simulcast.mp4	02:48:45.000	02:50:05.000						
7	57	Four Tops	Reach Out I'll Be There	Philadelphia	Live Aid (1985) - S01E07 - BBC Simulcast.mp4	02:50:05.000	02:51:41.000						
7	58	Four Tops	"I Can't Help Myself (Sugar Pie, Honey Bunch)"	Philadelphia	Live Aid (1985) - S01E07 - BBC Simulcast.mp4	02:51:41.000	02:54:09.000						
7	59	B.B. King	Introduction [JVC North Sea Jazz Festival]	Video - Netherlands	Live Aid (1985) - S01E07 - BBC Simulcast.mp4	02:52:00.000	02:52:40.000						
7	60	B.B. King	When It All Comes Down [JVC North Sea Jazz Festival]	Video - Netherlands	Live Aid (1985) - S01E07 - BBC Simulcast.mp4	02:52:40.000	02:53:08.000						
7	61	B.B. King	Why I Sing the Blues [JVC North Sea Jazz Festival]	Video - Netherlands	Live Aid (1985) - S01E07 - BBC Simulcast.mp4	02:53:08.000	02:56:29.000						
7	62	B.B. King	Don't Answer the Door [JVC North Sea Jazz Festival]	Video - Netherlands	Live Aid (1985) - S01E07 - BBC Simulcast.mp4	02:56:29.000	02:59:27.000						
7	63	Billy Ocean	Introduction by Chevy Chase	Philadelphia	Live Aid (1985) - S01E07 - BBC Simulcast.mp4	02:57:00.000	02:57:20.000						
7	64	Billy Ocean	Caribbean Queen	Philadelphia	Live Aid (1985) - S01E07 - BBC Simulcast.mp4	02:57:20.000	03:01:28.000						
7	65	B.B. King	Rock Me Baby [JVC North Sea Jazz Festival]	Video - Netherlands	Live Aid (1985) - S01E07 - BBC Simulcast.mp4	02:59:27.000	03:01:33.000						
7	66	Billy Ocean	Loverboy	Philadelphia	Live Aid (1985) - S01E07 - BBC Simulcast.mp4	03:01:28.000	03:05:06.000						
7	67	Sade	Introduction	London	Live Aid (1985) - S01E07 - BBC Simulcast.mp4	03:05:00.000	03:05:13.000						
7	68	Sade	Why Can't We Live Together	London	Live Aid (1985) - S01E07 - BBC Simulcast.mp4	03:05:13.000	03:10:48.000						
7	69	Black Sabbath	Introduction by Chevy Chase	Philadelphia	Live Aid (1985) - S01E07 - BBC Simulcast.mp4	03:07:00.000	03:07:20.000						
7	70	Black Sabbath	Children of the Grave	Philadelphia	Live Aid (1985) - S01E07 - BBC Simulcast.mp4	03:07:20.000	03:11:38.000						
7	71	Sade	Your Love Is King	London	Live Aid (1985) - S01E07 - BBC Simulcast.mp4	03:10:48.000	03:15:22.000						
7	72	Black Sabbath	Iron Man	Philadelphia	Live Aid (1985) - S01E07 - BBC Simulcast.mp4	03:11:38.000	03:19:22.000						
7	73	Sade	Is It a Crime?	London	Live Aid (1985) - S01E07 - BBC Simulcast.mp4	03:15:22.000	03:21:32.000						
7	74	Black Sabbath	Paranoid	Philadelphia	Live Aid (1985) - S01E07 - BBC Simulcast.mp4	03:19:22.000	03:22:40.000						
7	75	Yu Rock Mission	Introduction by Mladen Popovic	Video - Yugoslavia	Live Aid (1985) - S01E07 - BBC Simulcast.mp4	03:22:00.000	03:22:30.000						
7	76	Yu Rock Mission	For a Million Years	Video - Yugoslavia	Live Aid (1985) - S01E07 - BBC Simulcast.mp4	03:22:30.000	03:27:12.000						
7	77	Run–D.M.C.	Introduction by Joe Piscopo	Philadelphia	Live Aid (1985) - S01E07 - BBC Simulcast.mp4	03:24:00.000	03:24:20.000						
7	78	Run–D.M.C.	Jam Master Jay	Philadelphia	Live Aid (1985) - S01E07 - BBC Simulcast.mp4	03:24:20.000	03:27:20.000						
7	79	Run–D.M.C.	King of Rock	Philadelphia	Live Aid (1985) - S01E07 - BBC Simulcast.mp4	03:27:20.000	03:31:44.000						
7	80	Sting	Introduction by Noel Edmonds	London	Live Aid (1985) - S01E07 - BBC Simulcast.mp4	03:30:00.000	03:32:26.000						
7	81	Sting	Roxanne	London	Live Aid (1985) - S01E07 - BBC Simulcast.mp4	03:32:26.000	03:36:04.000						
7	82	Sting	Driven to Tears	London	Live Aid (1985) - S01E07 - BBC Simulcast.mp4	03:36:04.000	03:39:21.000						
7	83	Rick Springfield	Introduction by Joe Piscopo	Philadelphia	Live Aid (1985) - S01E07 - BBC Simulcast.mp4	03:39:00.000	03:39:20.000						
7	84	Rick Springfield	Love Somebody	Philadelphia	Live Aid (1985) - S01E07 - BBC Simulcast.mp4	03:39:20.000	03:42:57.000						
7	85	Phil Collins	Against All Odds	London	Live Aid (1985) - S01E07 - BBC Simulcast.mp4	03:39:21.000	03:42:46.000						
7	86	Sting	Message in a Bottle	London	Live Aid (1985) - S01E07 - BBC Simulcast.mp4	03:42:46.000	03:47:18.000						
7	87	Rick Springfield	State of the Heart	Philadelphia	Live Aid (1985) - S01E07 - BBC Simulcast.mp4	03:42:57.000	03:47:01.000						
7	88	Rick Springfield	Human Touch	Philadelphia	Live Aid (1985) - S01E07 - BBC Simulcast.mp4	03:47:01.000	03:49:24.000						
7	89	Phil Collins	In the Air Tonight	London	Live Aid (1985) - S01E07 - BBC Simulcast.mp4	03:47:18.000	03:52:03.000						
7	90	Sting + Phil Collins + Branford Marsalis	Long Long Way to Go	London	Live Aid (1985) - S01E07 - BBC Simulcast.mp4	03:52:03.000	03:55:33.000						
7	91	Sting + Phil Collins + Branford Marsalis	Every Breath You Take	London	Live Aid (1985) - S01E07 - BBC Simulcast.mp4	03:55:33.000	03:58:45.000						
7	92	REO Speedwagon	Introduction by Chevy Chase	Philadelphia	Live Aid (1985) - S01E07 - BBC Simulcast.mp4	03:59:00.000	03:59:20.000						
7	93	REO Speedwagon	Can't Fight This Feeling	Philadelphia	Live Aid (1985) - S01E07 - BBC Simulcast.mp4	03:59:20.000	04:04:45.000						
7	94	Howard Jones	Introduction by Andy Peebles	London	Live Aid (1985) - S01E07 - BBC Simulcast.mp4	04:01:00.000	04:01:48.000						
7	95	Howard Jones	Hide and Seek	London	Live Aid (1985) - S01E07 - BBC Simulcast.mp4	04:01:48.000	04:05:44.000						
7	96	REO Speedwagon + Beach Boys	Roll with the Changes	Philadelphia	Live Aid (1985) - S01E07 - BBC Simulcast.mp4	04:04:45.000	04:09:26.000						
7	97	________	Introduction by Vladimir Posner	Video - USSR	Live Aid (1985) - S01E07 - BBC Simulcast.mp4	04:07:00.000	04:07:58.000						
7	98	________	______________	Video - USSR	Live Aid (1985) - S01E07 - BBC Simulcast.mp4	04:07:58.000	04:13:17.000						
7	99	________	Speech by Vladimir Posner	Video - USSR	Live Aid (1985) - S01E07 - BBC Simulcast.mp4	04:13:17.000	04:13:55.000						
7	100	________	___ _____ ___	Video - USSR	Live Aid (1985) - S01E07 - BBC Simulcast.mp4	04:13:55.000	04:17:56.000						
7	101	Bryan Ferry + David Gilmour	Introduction by Andy Peebles	London	Live Aid (1985) - S01E07 - BBC Simulcast.mp4	04:20:00.000	04:20:20.000						
7	102	Bryan Ferry + David Gilmour	Sensation	London	Live Aid (1985) - S01E07 - BBC Simulcast.mp4	04:20:20.000	04:24:51.000						
7	103	"Crosby, Stills and Nash"	Southern Cross	Philadelphia	Live Aid (1985) - S01E07 - BBC Simulcast.mp4	04:24:00.000	04:28:57.000						
7	104	Bryan Ferry + David Gilmour	Boys and Girls	London	Live Aid (1985) - S01E07 - BBC Simulcast.mp4	04:24:51.000	04:29:22.000						
7	105	"Crosby, Stills and Nash"	Teach Your Children	Philadelphia	Live Aid (1985) - S01E07 - BBC Simulcast.mp4	04:28:57.000	04:32:10.000						
7	106	Bryan Ferry + David Gilmour	Slave to Love	London	Live Aid (1985) - S01E07 - BBC Simulcast.mp4	04:29:22.000	04:33:05.000						
7	107	"Crosby, Stills and Nash"	Suite: Judy Blue Eyes	Philadelphia	Live Aid (1985) - S01E07 - BBC Simulcast.mp4	04:32:10.000	04:40:15.000						
7	108	Bryan Ferry + David Gilmour	Jealous Guy	London	Live Aid (1985) - S01E07 - BBC Simulcast.mp4	04:33:05.000	04:37:54.000						
7	109	Band Für Afrika	Introduction by Evelyn Selbert and Ken Janz	Video - Germany	Live Aid (1985) - S01E07 - BBC Simulcast.mp4	04:39:00.000	04:39:20.000						
7	110	Band Für Afrika	Speech by Udo Lindenberg	Video - Germany	Live Aid (1985) - S01E07 - BBC Simulcast.mp4	04:39:20.000	04:43:33.000						
7	111	Judas Priest	Introduction by Chevy Chase	Philadelphia	Live Aid (1985) - S01E07 - BBC Simulcast.mp4	04:41:00.000	04:41:20.000						
7	112	Judas Priest	Living After Midnight	Philadelphia	Live Aid (1985) - S01E07 - BBC Simulcast.mp4	04:41:20.000	04:45:21.000						
7	113	Band Für Afrika	Nackt im Wind	Video - Germany	Live Aid (1985) - S01E07 - BBC Simulcast.mp4	04:43:33.000	04:47:36.000						
7	114	Judas Priest	The Green Manalishi (With the Two-Pronged Crown)	Philadelphia	Live Aid (1985) - S01E07 - BBC Simulcast.mp4	04:45:21.000	04:49:03.000						
7	115	Band Für Afrika	Ein Jahr (Es Geht Voran)	Video - Germany	Live Aid (1985) - S01E07 - BBC Simulcast.mp4	04:47:36.000	04:50:05.000						
7	116	Judas Priest	You've Got Another Thing Comin'	Philadelphia	Live Aid (1985) - S01E07 - BBC Simulcast.mp4	04:49:03.000	04:56:19.000						
7	117	Paul Young	Introduction by Andy Peebles	London	Live Aid (1985) - S01E07 - BBC Simulcast.mp4	04:52:00.000	04:53:01.000						
7	118	Paul Young	Do They Know It's Christmas? [Note: Intro Only]	London	Live Aid (1985) - S01E07 - BBC Simulcast.mp4	04:53:01.000	04:53:54.000						
7	119	Paul Young	Come Back and Stay	London	Live Aid (1985) - S01E07 - BBC Simulcast.mp4	04:53:54.000	05:01:04.000						
7	120	Paul Young + Alison Moyet	That's the Way Love Is	London	Live Aid (1985) - S01E07 - BBC Simulcast.mp4	05:01:04.000	05:05:55.000						
7	121	Paul Young	Everytime You Go Away	London	Live Aid (1985) - S01E07 - BBC Simulcast.mp4	05:05:55.000	05:12:47.000						
7	122	Bryan Adams	Introduction by Jack Nicholson	Philadelphia	Live Aid (1985) - S01E07 - BBC Simulcast.mp4	05:13:00.000	05:13:20.000						
7	123	Bryan Adams	Kids Wanna Rock	Philadelphia	Live Aid (1985) - S01E07 - BBC Simulcast.mp4	05:13:20.000	05:16:19.000						
7	124	Bryan Adams	Summer of '69	Philadelphia	Live Aid (1985) - S01E07 - BBC Simulcast.mp4	05:16:19.000	05:20:45.000						
7	125	Bryan Adams	Tears Are Not Enough	Philadelphia	Live Aid (1985) - S01E07 - BBC Simulcast.mp4	05:20:45.000	05:24:57.000						
7	126	Bryan Adams	Cuts Like a Knife	Philadelphia	Live Aid (1985) - S01E07 - BBC Simulcast.mp4	05:24:57.000	05:30:31.000						
7	127	U2	Introduction by Jack Nicholson	Philadelphia	Live Aid (1985) - S01E07 - BBC Simulcast.mp4	05:31:00.000	05:31:29.000						
7	128	U2	Introduction by Tommy Vance	London	Live Aid (1985) - S01E07 - BBC Simulcast.mp4	05:31:29.000	05:32:10.000						
7	129	U2	Sunday Bloody Sunday	London	Live Aid (1985) - S01E07 - BBC Simulcast.mp4	05:32:10.000	05:37:30.000						
7	130	U2	Bad [Note: Included Satellite of Love - Lou Reed; Ruby Tuesday - Rolling Stones; Sympathy for the Devil - Rolling Stones; Walk on the Wild Side - Lou Reed]	London	Live Aid (1985) - S01E07 - BBC Simulcast.mp4	05:37:30.000	05:49:57.000						
7	131	The Beach Boys	Introduction by Bill Graham of Marilyn McCoo	Philadelphia	Live Aid (1985) - S01E07 - BBC Simulcast.mp4	05:51:00.000	05:51:20.000						
7	132	The Beach Boys	Introduction by Marilyn McCoo	Philadelphia	Live Aid (1985) - S01E07 - BBC Simulcast.mp4	05:51:20.000	05:51:53.000						
7	133	The Beach Boys	California Girls	Philadelphia	Live Aid (1985) - S01E07 - BBC Simulcast.mp4	05:51:53.000	05:54:24.000						
7	134	The Beach Boys	"Help Me, Rhonda"	Philadelphia	Live Aid (1985) - S01E07 - BBC Simulcast.mp4	05:54:24.000	05:57:31.000						
7	135	The Beach Boys	Wouldn't It Be Nice	Philadelphia	Live Aid (1985) - S01E07 - BBC Simulcast.mp4	05:57:31.000	06:00:34.000						
7	136	The Beach Boys	Good Vibrations	Philadelphia	Live Aid (1985) - S01E07 - BBC Simulcast.mp4	06:00:34.000	06:05:20.000						
7	137	The Beach Boys	Surfin' U.S.A.	Philadelphia	Live Aid (1985) - S01E07 - BBC Simulcast.mp4	06:05:20.000	06:08:00.000						
7	138	Dire Straits + Sting	Introduction by Bill Graham	Philadelphia	Live Aid (1985) - S01E07 - BBC Simulcast.mp4	06:12:00.000	06:12:20.000						
7	139	Dire Straits + Sting	Introduction by Tommy Vance	London	Live Aid (1985) - S01E07 - BBC Simulcast.mp4	06:12:20.000	06:12:53.000						
7	140	Dire Straits + Sting	Money for Nothing	London	Live Aid (1985) - S01E07 - BBC Simulcast.mp4	06:12:53.000	06:20:19.000						
7	141	Dire Straits	Sultans of Swing	London	Live Aid (1985) - S01E07 - BBC Simulcast.mp4	06:20:19.000	06:31:36.000						
7	142	George Thorogood + Bo Didley	Introduction by George Segal	Philadelphia	Live Aid (1985) - S01E07 - BBC Simulcast.mp4	06:38:00.000	06:38:20.000						
7	143	George Thorogood + Bo Didley	Who Do You Love?	Philadelphia	Live Aid (1985) - S01E07 - BBC Simulcast.mp4	06:38:20.000	06:43:54.000						
7	144	George Thorogood	Tuning	Philadelphia	Live Aid (1985) - S01E07 - BBC Simulcast.mp4	06:43:54.000	06:44:53.000						
7	145	George Thorogood	The Sky Is Crying	Philadelphia	Live Aid (1985) - S01E07 - BBC Simulcast.mp4	06:44:53.000	06:50:56.000						
7	146	George Thorogood + Albert Collins	Madison Blues	Philadelphia	Live Aid (1985) - S01E07 - BBC Simulcast.mp4	06:50:56.000	06:56:06.000						
7	147	Griff Rhys-Jones + Mel Smith	Introduction by Andy Peebles	London	Live Aid (1985) - S01E07 - BBC Simulcast.mp4	06:51:00.000	06:52:51.000						
7	148	Griff Rhys-Jones + Mel Smith	An Old Lady is Complaining About the Noise	London	Live Aid (1985) - S01E07 - BBC Simulcast.mp4	06:52:51.000	06:53:11.000						
7	149	Queen	Bohemian Rhapsody [Note: First part only]	London	Live Aid (1985) - S01E07 - BBC Simulcast.mp4	06:53:00.000	06:55:22.000						
7	150	Queen	Radio Ga Ga	London	Live Aid (1985) - S01E07 - BBC Simulcast.mp4	06:55:22.000	06:59:22.000						
7	151	Queen	Interactive: Audience Call and Response	London	Live Aid (1985) - S01E07 - BBC Simulcast.mp4	06:59:22.000	07:00:02.000						
7	152	Queen	Hammer to Fall	London	Live Aid (1985) - S01E07 - BBC Simulcast.mp4	07:00:02.000	07:04:48.000						
7	153	Queen	Crazy Little Thing Called Love	London	Live Aid (1985) - S01E07 - BBC Simulcast.mp4	07:04:48.000	07:08:25.000						
7	154	Queen	We Will Rock You	London	Live Aid (1985) - S01E07 - BBC Simulcast.mp4	07:08:25.000	07:09:41.000						
7	155	Queen	We Are the Champions	London	Live Aid (1985) - S01E07 - BBC Simulcast.mp4	07:09:41.000	07:13:22.000						
7	156	David Bowie + Mick Jagger	Introduction by Chevy Chase	Philadelphia	Live Aid (1985) - S01E07 - BBC Simulcast.mp4	07:14:00.000	07:14:10.000						
7	157	David Bowie + Mick Jagger	Dancing in the Streets	Video	Live Aid (1985) - S01E07 - BBC Simulcast.mp4	07:14:10.000	07:16:55.000						
7	158	Simple Minds	Introduction by Joe Piscopo	Philadelphia	Live Aid (1985) - S01E07 - BBC Simulcast.mp4	07:17:00.000	07:17:24.000						
7	159	Simple Minds	Ghost Dancing	Philadelphia	Live Aid (1985) - S01E07 - BBC Simulcast.mp4	07:17:24.000	07:23:14.000						
7	160	Simple Minds	Don't You (Forget About Me)	Philadelphia	Live Aid (1985) - S01E07 - BBC Simulcast.mp4	07:23:14.000	07:30:10.000						
7	161	Simple Minds	Promised You a Miracle	Philadelphia	Live Aid (1985) - S01E07 - BBC Simulcast.mp4	07:30:10.000	07:33:10.000						
7	162	David Bowie	Introduction by Chevy Chase	Philadelphia	Live Aid (1985) - S01E07 - BBC Simulcast.mp4	07:35:00.000	07:35:16.000						
7	163	David Bowie	Introduction by Andy Peebles	London	Live Aid (1985) - S01E07 - BBC Simulcast.mp4	07:35:16.000	07:35:26.000						
7	164	David Bowie	TVC 15	London	Live Aid (1985) - S01E07 - BBC Simulcast.mp4	07:35:26.000	07:39:01.000						
7	165	David Bowie	Rebel Rebel	London	Live Aid (1985) - S01E07 - BBC Simulcast.mp4	07:39:01.000	07:42:14.000						
7	166	David Bowie	Modern Love	London	Live Aid (1985) - S01E07 - BBC Simulcast.mp4	07:42:14.000	07:45:45.000						
7	167	David Bowie	Heroes	London	Live Aid (1985) - S01E07 - BBC Simulcast.mp4	07:45:45.000	07:52:26.000						
7	168	CBC	Introduction by David Bowie	London	Live Aid (1985) - S01E07 - BBC Simulcast.mp4	07:52:26.000	07:53:07.000						
7	169	Pretenders	Introduction by Grace Slick	Philadelphia	Live Aid (1985) - S01E07 - BBC Simulcast.mp4	07:53:00.000	07:53:20.000						
7	170	CBC	Famine Video	Video	Live Aid (1985) - S01E07 - BBC Simulcast.mp4	07:53:07.000	07:56:52.000						
7	171	Pretenders	Time the Avenger	Philadelphia	Live Aid (1985) - S01E07 - BBC Simulcast.mp4	07:53:20.000	07:56:55.000						
7	172	Pretenders	Message of Love	Philadelphia	Live Aid (1985) - S01E07 - BBC Simulcast.mp4	07:56:55.000	08:00:10.000						
7	173	Pretenders	Stop Your Sobbing	Philadelphia	Live Aid (1985) - S01E07 - BBC Simulcast.mp4	08:00:10.000	08:02:10.000						
7	174	Pretenders	Back on the Chain Gang	Philadelphia	Live Aid (1985) - S01E07 - BBC Simulcast.mp4	08:02:10.000	08:05:45.000						
7	175	Pretenders	Middle of the Road	Philadelphia	Live Aid (1985) - S01E07 - BBC Simulcast.mp4	08:05:45.000	08:09:47.000						
7	176	The Who	Introduction by Jack Nicholson	Philadelphia	Live Aid (1985) - S01E07 - BBC Simulcast.mp4	08:11:00.000	08:12:13.000						
7	177	The Who	Introduction by Tommy Vance	London	Live Aid (1985) - S01E07 - BBC Simulcast.mp4	08:12:13.000	08:14:23.000						
7	178	The Who	"My Generation [Note: BBC blew a fuse. Broadcast interrupted, band kept playing]"	London	Live Aid (1985) - S01E07 - BBC Simulcast.mp4	08:14:23.000	08:16:03.000						
7	179	The Who	"Pinball Wizard [Note: BBC blew a fuse. Broadcast interrupted, band kept playing]"	London	Live Aid (1985) - S01E07 - BBC Simulcast.mp4	08:16:03.000	08:19:05.000						
7	180	The Who	"Love, Reign o'er Me"	London	Live Aid (1985) - S01E07 - BBC Simulcast.mp4	08:19:05.000	08:23:52.000						
7	181	The Who	Won't Get Fooled Again	London	Live Aid (1985) - S01E07 - BBC Simulcast.mp4	08:23:52.000	08:33:17.000						
7	182	Santana	Introduction by Bill Graham	Philadelphia	Live Aid (1985) - S01E07 - BBC Simulcast.mp4	08:33:00.000	08:33:09.000						
7	183	Santana	Brotherhood	Philadelphia	Live Aid (1985) - S01E07 - BBC Simulcast.mp4	08:33:09.000	08:36:31.000						
7	184	Santana	Primera Invasion	Philadelphia	Live Aid (1985) - S01E07 - BBC Simulcast.mp4	08:36:31.000	08:38:42.000						
7	185	Santana	Open Invitation	Philadelphia	Live Aid (1985) - S01E07 - BBC Simulcast.mp4	08:38:42.000	08:43:56.000						
7	186	Phil Collins + Steve Blacknell	"Concorde Interview [On BBC, played during Santana performance]"	Video	Live Aid (1985) - S01E07 - BBC Simulcast.mp4	08:39:00.000	08:42:06.000						
7	187	Norwegian Band Aid	All of Us	Video - Norway	Live Aid (1985) - S01E07 - BBC Simulcast.mp4	08:42:06.000	08:46:52.000						
7	188	Santana + Pat Metheny	By the Pool	Philadelphia	Live Aid (1985) - S01E07 - BBC Simulcast.mp4	08:43:56.000	08:48:28.000						
7	189	Santana + Pat Metheny	Right Now	Philadelphia	Live Aid (1985) - S01E07 - BBC Simulcast.mp4	08:48:28.000	08:51:28.000						
7	190	Elton John	Introduction by Billy Connolly	London	Live Aid (1985) - S01E07 - BBC Simulcast.mp4	09:02:00.000	09:03:07.000						
7	191	Elton John	I'm Still Standing	London	Live Aid (1985) - S01E07 - BBC Simulcast.mp4	09:03:07.000	09:06:27.000						
7	192	Elton John	Bennie and the Jets	London	Live Aid (1985) - S01E07 - BBC Simulcast.mp4	09:06:27.000	09:11:07.000						
7	193	Ashford & Simpson	Solid	Philadelphia	Live Aid (1985) - S01E07 - BBC Simulcast.mp4	09:09:00.000	09:13:56.000						
7	194	Elton John	Rocket Man	London	Live Aid (1985) - S01E07 - BBC Simulcast.mp4	09:11:07.000	09:15:51.000						
7	195	Ashford & Simpson + Teddy Pendergrass	Reach Out and Touch (Somebody's Hand)	Philadelphia	Live Aid (1985) - S01E07 - BBC Simulcast.mp4	09:13:56.000	09:20:01.000						
7	196	Elton John	Presentation of the Band	London	Live Aid (1985) - S01E07 - BBC Simulcast.mp4	09:15:51.000	09:16:25.000						
7	197	Elton John + Kiki Dee	Don't Go Breaking My Heart (with Kiki Dee)	London	Live Aid (1985) - S01E07 - BBC Simulcast.mp4	09:16:25.000	09:21:16.000						
7	198	Elton John + Wham!	Don't Let the Sun Go Down on Me (with Wham!)	London	Live Aid (1985) - S01E07 - BBC Simulcast.mp4	09:21:16.000	09:26:51.000						
7	199	Elton John	Can I Get a Witness	London	Live Aid (1985) - S01E07 - BBC Simulcast.mp4	09:26:51.000	09:30:33.000						
7	200	Kool & The Gang	Stand Up and Sing	Video - Pre-recorded video	Live Aid (1985) - S01E07 - BBC Simulcast.mp4	09:31:00.000	09:33:01.000						
7	201	Kool & The Gang	Cherish	Video - Pre-recorded video	Live Aid (1985) - S01E07 - BBC Simulcast.mp4	09:33:01.000	09:36:12.000						
7	202	Madonna	Introduction by Bill Graham of Bette Midler	Philadelphia	Live Aid (1985) - S01E07 - BBC Simulcast.mp4	09:39:00.000	09:39:10.000						
7	203	Madonna	Introduction by Bette Midler	Philadelphia	Live Aid (1985) - S01E07 - BBC Simulcast.mp4	09:39:10.000	09:39:20.000						
7	204	Madonna	Holiday	Philadelphia	Live Aid (1985) - S01E07 - BBC Simulcast.mp4	09:39:20.000	09:45:40.000						
7	205	Madonna	Into the Groove	Philadelphia	Live Aid (1985) - S01E07 - BBC Simulcast.mp4	09:45:40.000	09:52:09.000						
7	206	Madonna + Thompson Twins + Nile Rodgers	"Love Makes the World Go Round"" (w/Thompson Twins and Nile Rodgers)"	Philadelphia	Live Aid (1985) - S01E07 - BBC Simulcast.mp4	09:52:09.000	09:57:26.000						
7	207	Freddie Mercury + Brian May	Introduction by John Hurt	London	Live Aid (1985) - S01E07 - BBC Simulcast.mp4	10:00:00.000	10:00:35.000						
7	208	Freddie Mercury + Brian May	Is This the World We Created...?	London	Live Aid (1985) - S01E07 - BBC Simulcast.mp4	10:00:35.000	10:03:32.000						
7	209	Paul McCartney + David Bowie + Bob Geldof + Alison Moyet + Pete Townshend	Let It Be	London	Live Aid (1985) - S01E07 - BBC Simulcast.mp4	10:03:00.000	10:07:52.000						
7	210	Band Aid	Intermission	London	Live Aid (1985) - S01E07 - BBC Simulcast.mp4	10:09:00.000	10:09:57.000						
7	211	Band Aid	Do They Know It's Christmas?	London	Live Aid (1985) - S01E07 - BBC Simulcast.mp4	10:09:57.000	10:13:38.000						
7	212	Tom Petty and the Heartbreakers	Introduction by Bill Graham of Don Johnson	Philadelphia	Live Aid (1985) - S01E07 - BBC Simulcast.mp4	10:14:00.000	10:14:10.000						
7	213	Tom Petty and the Heartbreakers	Introduction by Don Johnson	Philadelphia	Live Aid (1985) - S01E07 - BBC Simulcast.mp4	10:14:10.000	10:14:20.000						
7	214	Tom Petty and the Heartbreakers	American Girl	Philadelphia	Live Aid (1985) - S01E07 - BBC Simulcast.mp4	10:14:20.000	10:18:27.000						
7	215	Tom Petty and the Heartbreakers	The Waiting	Philadelphia	Live Aid (1985) - S01E07 - BBC Simulcast.mp4	10:18:27.000	10:23:13.000						
7	216	Tom Petty and the Heartbreakers	Rebels	Philadelphia	Live Aid (1985) - S01E07 - BBC Simulcast.mp4	10:23:13.000	10:28:55.000						
7	217	Tom Petty and the Heartbreakers	Refugee	Philadelphia	Live Aid (1985) - S01E07 - BBC Simulcast.mp4	10:28:55.000	10:32:39.000						
7	218	Kenny Loggins	Introduction by Chevy Chase	Philadelphia	Live Aid (1985) - S01E07 - BBC Simulcast.mp4	10:42:00.000	10:42:20.000						
7	219	Kenny Loggins	Footloose	Philadelphia	Live Aid (1985) - S01E07 - BBC Simulcast.mp4	10:42:20.000	10:46:34.000						
7	220	The Cars	You Might Think	Philadelphia	Live Aid (1985) - S01E07 - BBC Simulcast.mp4	10:51:00.000	10:54:02.000						
7	221	The Cars	Drive	Philadelphia	Live Aid (1985) - S01E07 - BBC Simulcast.mp4	10:54:02.000	10:58:06.000						
7	222	The Cars	Just What I Needed	Philadelphia	Live Aid (1985) - S01E07 - BBC Simulcast.mp4	10:58:06.000	11:01:32.000						
7	223	The Cars	Heartbeat City	Philadelphia	Live Aid (1985) - S01E07 - BBC Simulcast.mp4	11:01:32.000	11:06:43.000						
7	224	Neil Young	Introduction by Joe Piscopo	Philadelphia	Live Aid (1985) - S01E07 - BBC Simulcast.mp4	11:18:00.000	11:18:10.000						
7	225	Neil Young	Sugar Mountain	Philadelphia	Live Aid (1985) - S01E07 - BBC Simulcast.mp4	11:18:10.000	11:22:55.000						
7	226	Neil Young	The Needle and the Damage Done	Philadelphia	Live Aid (1985) - S01E07 - BBC Simulcast.mp4	11:22:55.000	11:25:26.000						
7	227	Neil Young	Helpless	Philadelphia	Live Aid (1985) - S01E07 - BBC Simulcast.mp4	11:25:26.000	11:29:48.000						
7	228	Neil Young	Nothing Is Perfect (In God's Perfect Plan)	Philadelphia	Live Aid (1985) - S01E07 - BBC Simulcast.mp4	11:29:48.000	11:34:32.000						
7	229	Neil Young	Powderfinger	Philadelphia	Live Aid (1985) - S01E07 - BBC Simulcast.mp4	11:34:32.000	11:39:21.000						
7	230	The Power Station	Introduction by Don Johnson	Philadelphia	Live Aid (1985) - S01E07 - BBC Simulcast.mp4	11:54:00.000	11:54:17.000						
7	231	The Power Station	Murderess	Philadelphia	Live Aid (1985) - S01E07 - BBC Simulcast.mp4	11:54:17.000	11:58:37.000						
7	232	The Power Station	Get It On	Philadelphia	Live Aid (1985) - S01E07 - BBC Simulcast.mp4	11:58:37.000	12:04:37.000						
7	233	Thompson Twins	Introduction by Bette Midler	Philadelphia	Live Aid (1985) - S01E07 - BBC Simulcast.mp4	12:33:00.000	12:33:53.000						
7	234	Thompson Twins	Hold Me Now	Philadelphia	Live Aid (1985) - S01E07 - BBC Simulcast.mp4	12:36:53.000	12:44:52.000						
7	235	Thompson Twins + Madonna + Steve Stevens + Nile Rodgers	Revolution	Philadelphia	Live Aid (1985) - S01E07 - BBC Simulcast.mp4	12:44:52.000	12:49:39.000						
7	236	Eric Clapton	Introduction by Bill Graham	Philadelphia	Live Aid (1985) - S01E07 - BBC Simulcast.mp4	12:53:00.000	12:53:10.000						
7	237	Eric Clapton	White Room	Philadelphia	Live Aid (1985) - S01E07 - BBC Simulcast.mp4	12:53:10.000	12:58:23.000						
7	238	Eric Clapton	She's Waiting	Philadelphia	Live Aid (1985) - S01E07 - BBC Simulcast.mp4	12:58:23.000	13:03:07.000						
7	239	Eric Clapton	Layla	Philadelphia	Live Aid (1985) - S01E07 - BBC Simulcast.mp4	13:03:07.000	13:09:51.000						
7	240	Phil Collins	Introduction by Jack Nicholson and Bette Midler	Philadelphia	Live Aid (1985) - S01E07 - BBC Simulcast.mp4	13:15:00.000	13:16:02.000						
7	241	Phil Collins	Against All Odds (Take a Look at Me Now)	Philadelphia	Live Aid (1985) - S01E07 - BBC Simulcast.mp4	13:16:02.000	13:19:47.000						
7	242	Phil Collins	In the Air Tonight	Philadelphia	Live Aid (1985) - S01E07 - BBC Simulcast.mp4	13:19:47.000	13:24:23.000						
7	243	Led Zeppelin	Introduction by Phil Collins	Philadelphia	Live Aid (1985) - S01E07 - BBC Simulcast.mp4	13:25:00.000	13:26:36.000						
7	244	Led Zeppelin	Rock and Roll	Philadelphia	Live Aid (1985) - S01E07 - BBC Simulcast.mp4	13:26:36.000	13:31:19.000						
7	245	Led Zeppelin	Whole Lotta Love	Philadelphia	Live Aid (1985) - S01E07 - BBC Simulcast.mp4	13:31:19.000	13:36:39.000						
7	246	Led Zeppelin	Stairway to Heaven	Philadelphia	Live Aid (1985) - S01E07 - BBC Simulcast.mp4	13:36:39.000	13:45:58.000						
7	247	"Crosby, Stills, Nash & Young"	Only Love Can Break Your Heart	Philadelphia	Live Aid (1985) - S01E07 - BBC Simulcast.mp4	13:54:00.000	13:57:33.000						
7	248	"Crosby, Stills, Nash & Young"	Tuning	Philadelphia	Live Aid (1985) - S01E07 - BBC Simulcast.mp4	13:57:33.000	13:58:17.000						
7	249	"Crosby, Stills, Nash & Young"	Daylight Again	Philadelphia	Live Aid (1985) - S01E07 - BBC Simulcast.mp4	13:58:17.000	14:00:42.000						
7	250	Duran Duran	Introduction by Chevy Chase	Philadelphia	Live Aid (1985) - S01E07 - BBC Simulcast.mp4	14:01:00.000	14:01:15.000						
7	251	Duran Duran	A View to a Kill	Philadelphia	Live Aid (1985) - S01E07 - BBC Simulcast.mp4	14:01:15.000	14:05:22.000						
7	252	Duran Duran	Union of the Snake	Philadelphia	Live Aid (1985) - S01E07 - BBC Simulcast.mp4	14:05:22.000	14:10:03.000						
7	253	Duran Duran	Save a Prayer	Philadelphia	Live Aid (1985) - S01E07 - BBC Simulcast.mp4	14:10:03.000	14:16:47.000						
7	254	Duran Duran	The Reflex	Philadelphia	Live Aid (1985) - S01E07 - BBC Simulcast.mp4	14:16:47.000	14:22:48.000						
7	255	Cliff Richard	Introduction by Andy Kershaw	Video - BBC Chat Room	Live Aid (1985) - S01E07 - BBC Simulcast.mp4	14:26:00.000	14:26:01.000						
7	256	Cliff Richard	A World of Difference	Video - BBC Chat Room	Live Aid (1985) - S01E07 - BBC Simulcast.mp4	14:26:10.000	14:28:56.000						
7	257	Patti LaBelle	Introduction by Bette Midler	Philadelphia	Live Aid (1985) - S01E07 - BBC Simulcast.mp4	14:35:00.000	14:35:32.000						
7	258	Patti LaBelle	New Attitude	Philadelphia	Live Aid (1985) - S01E07 - BBC Simulcast.mp4	14:35:32.000	14:38:23.000						
7	259	Patti LaBelle	Imagine	Philadelphia	Live Aid (1985) - S01E07 - BBC Simulcast.mp4	14:38:23.000	14:43:07.000						
7	260	Patti LaBelle	Forever Young	Philadelphia	Live Aid (1985) - S01E07 - BBC Simulcast.mp4	14:43:07.000	14:49:01.000						
7	261	Patti LaBelle	Stir It Up	Philadelphia	Live Aid (1985) - S01E07 - BBC Simulcast.mp4	14:49:01.000	14:51:21.000						
7	262	Patti LaBelle	Over the Rainbow	Philadelphia	Live Aid (1985) - S01E07 - BBC Simulcast.mp4	14:51:21.000	14:54:04.000						
7	263	Patti LaBelle	Why Can't I Get It Over	Philadelphia	Live Aid (1985) - S01E07 - BBC Simulcast.mp4	14:54:04.000	14:56:48.000						
7	264	Hall & Oates	Introduction by Bill Graham of Dionne Warwick	Philadelphia	Live Aid (1985) - S01E07 - BBC Simulcast.mp4	15:05:00.000	15:05:10.000						
7	265	Hall & Oates	Introduction by Dionne Warwick	Philadelphia	Live Aid (1985) - S01E07 - BBC Simulcast.mp4	15:05:10.000	15:05:43.000						
7	266	Hall & Oates	Out of Touch	Philadelphia	Live Aid (1985) - S01E07 - BBC Simulcast.mp4	15:05:43.000	15:10:10.000						
7	267	Hall & Oates	Maneater	Philadelphia	Live Aid (1985) - S01E07 - BBC Simulcast.mp4	15:10:10.000	15:15:37.000						
7	268	Hall & Oates + Eddie Kendricks	Get Ready	Philadelphia	Live Aid (1985) - S01E07 - BBC Simulcast.mp4	15:15:37.000	15:18:11.000						
7	269	Hall & Oates + David Ruffin	Ain't Too Proud to Beg	Philadelphia	Live Aid (1985) - S01E07 - BBC Simulcast.mp4	15:18:11.000	15:21:00.000						
7	270	Hall & Oates	The Way You Do the Things You Do	Philadelphia	Live Aid (1985) - S01E07 - BBC Simulcast.mp4	15:21:00.000	15:23:41.000						
7	271	Hall & Oates + Eddie Kendricks + David Ruffin	My Girl	Philadelphia	Live Aid (1985) - S01E07 - BBC Simulcast.mp4	15:23:41.000	15:27:22.000						
7	272	Mick Jagger	Introduction by Bette Midler	Philadelphia	Live Aid (1985) - S01E07 - BBC Simulcast.mp4	15:30:00.000	15:30:29.000						
7	273	Mick Jagger	Lonely at the Top	Philadelphia	Live Aid (1985) - S01E07 - BBC Simulcast.mp4	15:30:29.000	15:33:54.000						
7	274	Mick Jagger	Just Another Night	Philadelphia	Live Aid (1985) - S01E07 - BBC Simulcast.mp4	15:33:54.000	15:39:21.000						
7	275	Mick Jagger	Miss You	Philadelphia	Live Aid (1985) - S01E07 - BBC Simulcast.mp4	15:39:21.000	15:44:31.000						
7	276	Mick Jagger + Tina Turner	State of Shock	Philadelphia	Live Aid (1985) - S01E07 - BBC Simulcast.mp4	15:44:31.000	15:47:05.000						
7	277	Mick Jagger + Tina Turner	It's Only Rock 'n Roll (But I Like It) (Reprise)	Philadelphia	Live Aid (1985) - S01E07 - BBC Simulcast.mp4	15:47:05.000	15:50:00.000						
7	278	Bob Dylan + Keith Richards + Ronnie Wood	Introduction by Bill Graham of Jack Nicholson	Philadelphia	Live Aid (1985) - S01E07 - BBC Simulcast.mp4	15:54:00.000	15:54:20.000						
7	279	Bob Dylan + Keith Richards + Ronnie Wood	Introduction by Jack Nicholson	Philadelphia	Live Aid (1985) - S01E07 - BBC Simulcast.mp4	15:54:20.000	15:55:09.000						
7	280	Bob Dylan + Keith Richards + Ronnie Wood	Ballad of Hollis Brown	Philadelphia	Live Aid (1985) - S01E07 - BBC Simulcast.mp4	15:55:09.000	15:59:43.000						
7	281	Bob Dylan + Keith Richards + Ronnie Wood	When the Ship Comes In	Philadelphia	Live Aid (1985) - S01E07 - BBC Simulcast.mp4	15:59:43.000	16:03:19.000						
7	282	Bob Dylan + Keith Richards + Ronnie Wood	Blowin' in the Wind	Philadelphia	Live Aid (1985) - S01E07 - BBC Simulcast.mp4	16:03:19.000	16:07:55.000						
7	283	USA for Africa	We Are the World	Philadelphia	Live Aid (1985) - S01E07 - BBC Simulcast.mp4	16:10:00.000	16:18:57.000						
7	284	BBC	Closing Segments	Philadelphia	Live Aid (1985) - S01E07 - BBC Simulcast.mp4	16:18:57.000	16:24:31.000						
													
8	1	MTV	Opening Segments	London	Live Aid (1985) - S01E08 - MTV Simulcast.mp4	00:00:00.000	00:04:21.000						
8	2	Coldstream Guards	Introduced by Richard Skinner - Royal Salute [Arrival of Prince and Princess of Wales]	London	Live Aid (1985) - S01E08 - MTV Simulcast.mp4	00:04:21.000	00:04:46.000						
8	3	Coldstream Guards	"God Save the Queen [Note: First six bars only, Introduced by Tommy Vance]"	London	Live Aid (1985) - S01E08 - MTV Simulcast.mp4	00:04:46.000	00:05:46.000						
8	4	Status Quo	Introduction by Tommy Vance	London	Live Aid (1985) - S01E08 - MTV Simulcast.mp4	00:05:46.000	00:06:08.000						
8	5	Status Quo	Rockin' All Over the World	London	Live Aid (1985) - S01E08 - MTV Simulcast.mp4	00:06:08.000	00:10:02.000						
8	6	Status Quo	Caroline	London	Live Aid (1985) - S01E08 - MTV Simulcast.mp4	00:10:02.000	00:14:36.000						
8	7	Status Quo	Don't Waste My Time	London	Live Aid (1985) - S01E08 - MTV Simulcast.mp4	00:14:36.000	00:19:10.000						
8	8	The Style Council	Introduction by Tommy Vance	London	Live Aid (1985) - S01E08 - MTV Simulcast.mp4	00:23:21.000	00:23:46.000						
8	9	The Style Council	You're the Best Thing	London	Live Aid (1985) - S01E08 - MTV Simulcast.mp4	00:23:46.000	00:28:46.000						
8	10	The Style Council	Big Boss Groove	London	Live Aid (1985) - S01E08 - MTV Simulcast.mp4	00:28:46.000	00:32:41.000						
8	11	The Style Council	Internationalists	London	Live Aid (1985) - S01E08 - MTV Simulcast.mp4	00:32:41.000	00:35:31.000						
8	12	The Style Council	Walls Come Tumbling Down!	London	Live Aid (1985) - S01E08 - MTV Simulcast.mp4	00:35:31.000	00:39:07.000						
8	13	The Boomtown Rats	Introduction by Tommy Vance	London	Live Aid (1985) - S01E08 - MTV Simulcast.mp4	00:48:21.000	00:48:42.000						
8	14	The Boomtown Rats	I Don't Like Mondays	London	Live Aid (1985) - S01E08 - MTV Simulcast.mp4	00:48:42.000	00:53:59.000						
8	15	The Boomtown Rats	Drag Me Down	London	Live Aid (1985) - S01E08 - MTV Simulcast.mp4	00:53:59.000	00:58:02.000						
8	16	The Boomtown Rats	Rat Trap	London	Live Aid (1985) - S01E08 - MTV Simulcast.mp4	00:58:02.000	01:03:39.000						
8	17	Adam Ant	Introduction by Harvey Goldsmith	London	Live Aid (1985) - S01E08 - MTV Simulcast.mp4	01:05:21.000	01:06:16.000						
8	18	Adam Ant	Vive Le Rock	London	Live Aid (1985) - S01E08 - MTV Simulcast.mp4	01:06:16.000	01:09:42.000						
8	19	Oz for Africa	Introduction by Ian Meldrum	Video - Australia	Live Aid (1985) - S01E08 - MTV Simulcast.mp4	01:10:21.000	01:11:21.000						
8	20	Oz for Africa	Music	Video - Australia	Live Aid (1985) - S01E08 - MTV Simulcast.mp4	01:11:21.000	01:22:21.000						
8	21	Ultravox	Reap the Wild Wind	London	Live Aid (1985) - S01E08 - MTV Simulcast.mp4	01:21:21.000	01:24:19.000						
8	22	Ultravox	Dancing with Tears in My Eyes	London	Live Aid (1985) - S01E08 - MTV Simulcast.mp4	01:24:19.000	01:29:28.000						
8	23	Ultravox	One Small Day	London	Live Aid (1985) - S01E08 - MTV Simulcast.mp4	01:29:28.000	01:33:17.000						
8	24	Ultravox	Vienna	London	Live Aid (1985) - S01E08 - MTV Simulcast.mp4	01:33:17.000	01:38:03.000						
8	25	Loudness	Gotta Fight	Video - Japan	Live Aid (1985) - S01E08 - MTV Simulcast.mp4	01:38:21.000	01:40:17.000						
8	26	Off Cause	Endless Night	Video - Japan	Live Aid (1985) - S01E08 - MTV Simulcast.mp4	01:40:17.000	01:42:15.000						
8	27	Eikichi Yazawa	Take It Time	Video - Japan	Live Aid (1985) - S01E08 - MTV Simulcast.mp4	01:42:15.000	01:44:06.000						
8	28	Motoharu San	Shame	Video - Japan	Live Aid (1985) - S01E08 - MTV Simulcast.mp4	01:44:06.000	01:47:13.000						
8	29	Spandau Ballet	Introduction by Andy Peebles	London	Live Aid (1985) - S01E08 - MTV Simulcast.mp4	01:50:21.000	01:50:53.000						
8	30	Spandau Ballet	Only When You Leave	London	Live Aid (1985) - S01E08 - MTV Simulcast.mp4	01:50:53.000	01:56:15.000						
8	31	Bernard Watson	All I Really Want to Do	Philadelphia	Live Aid (1985) - S01E08 - MTV Simulcast.mp4	01:55:21.000	02:00:21.000						
8	32	Spandau Ballet	Virgin	London	Live Aid (1985) - S01E08 - MTV Simulcast.mp4	01:56:15.000	02:00:55.000						
8	33	Bernard Watson	Interview	Philadelphia	Live Aid (1985) - S01E08 - MTV Simulcast.mp4	02:00:21.000	02:04:24.000						
8	34	Spandau Ballet	True	London	Live Aid (1985) - S01E08 - MTV Simulcast.mp4	02:00:55.000	02:06:48.000						
8	35	Joan Baez	Introduction by Bill Graham of Jack Nicholson	Philadelphia	Live Aid (1985) - S01E08 - MTV Simulcast.mp4	02:05:21.000	02:06:07.000						
8	36	Joan Baez	Introduction by Jack Nicholson	Philadelphia	Live Aid (1985) - S01E08 - MTV Simulcast.mp4	02:06:07.000	02:07:26.000						
8	37	Joan Baez	Speech	Philadelphia	Live Aid (1985) - S01E08 - MTV Simulcast.mp4	02:07:26.000	02:08:41.000						
8	38	Joan Baez	Amazing Grace	Philadelphia	Live Aid (1985) - S01E08 - MTV Simulcast.mp4	02:08:41.000	02:10:36.000						
8	39	Joan Baez	We Are the World	Philadelphia	Live Aid (1985) - S01E08 - MTV Simulcast.mp4	02:10:36.000	02:13:10.000						
8	40	Elvis Costello	Introduction by Andy Peebles	London	Live Aid (1985) - S01E08 - MTV Simulcast.mp4	02:11:21.000	02:11:45.000						
8	41	Elvis Costello	All You Need Is Love	London	Live Aid (1985) - S01E08 - MTV Simulcast.mp4	02:11:45.000	02:15:27.000						
8	42	The Hooters	Introduction by Bill Graham of Chevy Chase and Joe Piscopo	Philadelphia	Live Aid (1985) - S01E08 - MTV Simulcast.mp4	02:14:21.000	02:15:51.000						
8	43	The Hooters	Introduction by Chevy Chase and Joe Piscopo	Philadelphia	Live Aid (1985) - S01E08 - MTV Simulcast.mp4	02:15:51.000	02:17:21.000						
8	44	Austria for Afrika	Introduction	Video - Austria	Live Aid (1985) - S01E08 - MTV Simulcast.mp4	02:16:21.000	02:17:13.000						
8	45	Austria for Afrika	Warum	Video - Austria	Live Aid (1985) - S01E08 - MTV Simulcast.mp4	02:17:13.000	02:21:44.000						
8	46	The Hooters	And We Danced	Philadelphia	Live Aid (1985) - S01E08 - MTV Simulcast.mp4	02:17:21.000	02:21:58.000						
8	47	The Hooters	All You Zombies	Philadelphia	Live Aid (1985) - S01E08 - MTV Simulcast.mp4	02:21:58.000	02:27:42.000						
8	48	Nik Kershaw	Introduction by Tommy Vance	London	Live Aid (1985) - S01E08 - MTV Simulcast.mp4	02:26:21.000	02:27:00.000						
8	49	Nik Kershaw	Wide Boy	London	Live Aid (1985) - S01E08 - MTV Simulcast.mp4	02:27:00.000	02:30:25.000						
8	50	Nik Kershaw	Don Quixote	London	Live Aid (1985) - S01E08 - MTV Simulcast.mp4	02:30:25.000	02:35:13.000						
8	51	Nik Kershaw	The Riddle	London	Live Aid (1985) - S01E08 - MTV Simulcast.mp4	02:35:13.000	02:39:26.000						
8	52	Four Tops	Introduction by Chevy Chase	Philadelphia	Live Aid (1985) - S01E08 - MTV Simulcast.mp4	02:36:21.000	02:36:41.000						
8	53	Four Tops	"Shake Me, Wake Me (When It's Over)"	Philadelphia	Live Aid (1985) - S01E08 - MTV Simulcast.mp4	02:36:41.000	02:39:23.000						
8	54	Four Tops	Bernadette	Philadelphia	Live Aid (1985) - S01E08 - MTV Simulcast.mp4	02:39:23.000	02:41:06.000						
8	55	Nik Kershaw	Wouldn't It Be Good	London	Live Aid (1985) - S01E08 - MTV Simulcast.mp4	02:39:26.000	02:44:38.000						
8	56	Four Tops	It's the Same Old Song	Philadelphia	Live Aid (1985) - S01E08 - MTV Simulcast.mp4	02:41:06.000	02:42:26.000						
8	57	Four Tops	Reach Out I'll Be There	Philadelphia	Live Aid (1985) - S01E08 - MTV Simulcast.mp4	02:42:26.000	02:44:02.000						
8	58	Four Tops	"I Can't Help Myself (Sugar Pie, Honey Bunch)"	Philadelphia	Live Aid (1985) - S01E08 - MTV Simulcast.mp4	02:44:02.000	02:46:30.000						
8	59	B.B. King	Introduction [JVC North Sea Jazz Festival]	Video - Netherlands	Live Aid (1985) - S01E08 - MTV Simulcast.mp4	02:44:21.000	02:45:01.000						
8	60	B.B. King	When It All Comes Down [JVC North Sea Jazz Festival]	Video - Netherlands	Live Aid (1985) - S01E08 - MTV Simulcast.mp4	02:45:01.000	02:45:29.000						
8	61	B.B. King	Why I Sing the Blues [JVC North Sea Jazz Festival]	Video - Netherlands	Live Aid (1985) - S01E08 - MTV Simulcast.mp4	02:45:29.000	02:48:50.000						
8	62	B.B. King	Don't Answer the Door [JVC North Sea Jazz Festival]	Video - Netherlands	Live Aid (1985) - S01E08 - MTV Simulcast.mp4	02:48:50.000	02:51:48.000						
8	63	Billy Ocean	Introduction by Chevy Chase	Philadelphia	Live Aid (1985) - S01E08 - MTV Simulcast.mp4	02:49:21.000	02:49:41.000						
8	64	Billy Ocean	Caribbean Queen	Philadelphia	Live Aid (1985) - S01E08 - MTV Simulcast.mp4	02:49:41.000	02:53:49.000						
8	65	B.B. King	Rock Me Baby [JVC North Sea Jazz Festival]	Video - Netherlands	Live Aid (1985) - S01E08 - MTV Simulcast.mp4	02:51:48.000	02:53:54.000						
8	66	Billy Ocean	Loverboy	Philadelphia	Live Aid (1985) - S01E08 - MTV Simulcast.mp4	02:53:49.000	02:57:27.000						
8	67	Sade	Introduction	London	Live Aid (1985) - S01E08 - MTV Simulcast.mp4	02:57:21.000	02:57:34.000						
8	68	Sade	Why Can't We Live Together	London	Live Aid (1985) - S01E08 - MTV Simulcast.mp4	02:57:34.000	03:03:09.000						
8	69	Black Sabbath	Introduction by Chevy Chase	Philadelphia	Live Aid (1985) - S01E08 - MTV Simulcast.mp4	02:59:21.000	02:59:41.000						
8	70	Black Sabbath	Children of the Grave	Philadelphia	Live Aid (1985) - S01E08 - MTV Simulcast.mp4	02:59:41.000	03:03:59.000						
8	71	Sade	Your Love Is King	London	Live Aid (1985) - S01E08 - MTV Simulcast.mp4	03:03:09.000	03:07:43.000						
8	72	Black Sabbath	Iron Man	Philadelphia	Live Aid (1985) - S01E08 - MTV Simulcast.mp4	03:03:59.000	03:11:43.000						
8	73	Sade	Is It a Crime?	London	Live Aid (1985) - S01E08 - MTV Simulcast.mp4	03:07:43.000	03:13:53.000						
8	74	Black Sabbath	Paranoid	Philadelphia	Live Aid (1985) - S01E08 - MTV Simulcast.mp4	03:11:43.000	03:15:01.000						
8	75	Yu Rock Mission	Introduction by Mladen Popovic	Video - Yugoslavia	Live Aid (1985) - S01E08 - MTV Simulcast.mp4	03:14:21.000	03:14:51.000						
8	76	Yu Rock Mission	For a Million Years	Video - Yugoslavia	Live Aid (1985) - S01E08 - MTV Simulcast.mp4	03:14:51.000	03:19:33.000						
8	77	Run–D.M.C.	Introduction by Joe Piscopo	Philadelphia	Live Aid (1985) - S01E08 - MTV Simulcast.mp4	03:16:21.000	03:16:41.000						
8	78	Run–D.M.C.	Jam Master Jay	Philadelphia	Live Aid (1985) - S01E08 - MTV Simulcast.mp4	03:16:41.000	03:19:41.000						
8	79	Run–D.M.C.	King of Rock	Philadelphia	Live Aid (1985) - S01E08 - MTV Simulcast.mp4	03:19:41.000	03:24:05.000						
8	80	Sting	Introduction by Noel Edmonds	London	Live Aid (1985) - S01E08 - MTV Simulcast.mp4	03:22:21.000	03:24:47.000						
8	81	Sting	Roxanne	London	Live Aid (1985) - S01E08 - MTV Simulcast.mp4	03:24:47.000	03:28:25.000						
8	82	Sting	Driven to Tears	London	Live Aid (1985) - S01E08 - MTV Simulcast.mp4	03:28:25.000	03:31:42.000						
8	83	Rick Springfield	Introduction by Joe Piscopo	Philadelphia	Live Aid (1985) - S01E08 - MTV Simulcast.mp4	03:31:21.000	03:31:41.000						
8	84	Rick Springfield	Love Somebody	Philadelphia	Live Aid (1985) - S01E08 - MTV Simulcast.mp4	03:31:41.000	03:35:18.000						
8	85	Phil Collins	Against All Odds	London	Live Aid (1985) - S01E08 - MTV Simulcast.mp4	03:31:42.000	03:35:07.000						
8	86	Sting	Message in a Bottle	London	Live Aid (1985) - S01E08 - MTV Simulcast.mp4	03:35:07.000	03:39:39.000						
8	87	Rick Springfield	State of the Heart	Philadelphia	Live Aid (1985) - S01E08 - MTV Simulcast.mp4	03:35:18.000	03:39:22.000						
8	88	Rick Springfield	Human Touch	Philadelphia	Live Aid (1985) - S01E08 - MTV Simulcast.mp4	03:39:22.000	03:41:45.000						
8	89	Phil Collins	In the Air Tonight	London	Live Aid (1985) - S01E08 - MTV Simulcast.mp4	03:39:39.000	03:44:24.000						
8	90	Sting + Phil Collins + Branford Marsalis	Long Long Way to Go	London	Live Aid (1985) - S01E08 - MTV Simulcast.mp4	03:44:24.000	03:47:54.000						
8	91	Sting + Phil Collins + Branford Marsalis	Every Breath You Take	London	Live Aid (1985) - S01E08 - MTV Simulcast.mp4	03:47:54.000	03:51:06.000						
8	92	REO Speedwagon	Introduction by Chevy Chase	Philadelphia	Live Aid (1985) - S01E08 - MTV Simulcast.mp4	03:51:21.000	03:51:41.000						
8	93	REO Speedwagon	Can't Fight This Feeling	Philadelphia	Live Aid (1985) - S01E08 - MTV Simulcast.mp4	03:51:41.000	03:57:06.000						
8	94	Howard Jones	Introduction by Andy Peebles	London	Live Aid (1985) - S01E08 - MTV Simulcast.mp4	03:53:21.000	03:54:09.000						
8	95	Howard Jones	Hide and Seek	London	Live Aid (1985) - S01E08 - MTV Simulcast.mp4	03:54:09.000	03:58:05.000						
8	96	REO Speedwagon + Beach Boys	Roll with the Changes	Philadelphia	Live Aid (1985) - S01E08 - MTV Simulcast.mp4	03:57:06.000	04:01:47.000						
8	97	________	Introduction by Vladimir Posner	Video - USSR	Live Aid (1985) - S01E08 - MTV Simulcast.mp4	03:59:21.000	04:00:19.000						
8	98	________	______________	Video - USSR	Live Aid (1985) - S01E08 - MTV Simulcast.mp4	04:00:19.000	04:05:38.000						
8	99	________	Speech by Vladimir Posner	Video - USSR	Live Aid (1985) - S01E08 - MTV Simulcast.mp4	04:05:38.000	04:06:16.000						
8	100	________	___ _____ ___	Video - USSR	Live Aid (1985) - S01E08 - MTV Simulcast.mp4	04:06:16.000	04:10:17.000						
8	101	Bryan Ferry + David Gilmour	Introduction by Andy Peebles	London	Live Aid (1985) - S01E08 - MTV Simulcast.mp4	04:12:21.000	04:12:41.000						
8	102	Bryan Ferry + David Gilmour	Sensation	London	Live Aid (1985) - S01E08 - MTV Simulcast.mp4	04:12:41.000	04:17:12.000						
8	103	"Crosby, Stills and Nash"	Southern Cross	Philadelphia	Live Aid (1985) - S01E08 - MTV Simulcast.mp4	04:16:21.000	04:21:18.000						
8	104	Bryan Ferry + David Gilmour	Boys and Girls	London	Live Aid (1985) - S01E08 - MTV Simulcast.mp4	04:17:12.000	04:21:43.000						
8	105	"Crosby, Stills and Nash"	Teach Your Children	Philadelphia	Live Aid (1985) - S01E08 - MTV Simulcast.mp4	04:21:18.000	04:24:31.000						
8	106	Bryan Ferry + David Gilmour	Slave to Love	London	Live Aid (1985) - S01E08 - MTV Simulcast.mp4	04:21:43.000	04:25:26.000						
8	107	"Crosby, Stills and Nash"	Suite: Judy Blue Eyes	Philadelphia	Live Aid (1985) - S01E08 - MTV Simulcast.mp4	04:24:31.000	04:32:36.000						
8	108	Bryan Ferry + David Gilmour	Jealous Guy	London	Live Aid (1985) - S01E08 - MTV Simulcast.mp4	04:25:26.000	04:30:15.000						
8	109	Band Für Afrika	Introduction by Evelyn Selbert and Ken Janz	Video - Germany	Live Aid (1985) - S01E08 - MTV Simulcast.mp4	04:31:21.000	04:31:41.000						
8	110	Band Für Afrika	Speech by Udo Lindenberg	Video - Germany	Live Aid (1985) - S01E08 - MTV Simulcast.mp4	04:31:41.000	04:35:54.000						
8	111	Judas Priest	Introduction by Chevy Chase	Philadelphia	Live Aid (1985) - S01E08 - MTV Simulcast.mp4	04:33:21.000	04:33:41.000						
8	112	Judas Priest	Living After Midnight	Philadelphia	Live Aid (1985) - S01E08 - MTV Simulcast.mp4	04:33:41.000	04:37:42.000						
8	113	Band Für Afrika	Nackt im Wind	Video - Germany	Live Aid (1985) - S01E08 - MTV Simulcast.mp4	04:35:54.000	04:39:57.000						
8	114	Judas Priest	The Green Manalishi (With the Two-Pronged Crown)	Philadelphia	Live Aid (1985) - S01E08 - MTV Simulcast.mp4	04:37:42.000	04:41:24.000						
8	115	Band Für Afrika	Ein Jahr (Es Geht Voran)	Video - Germany	Live Aid (1985) - S01E08 - MTV Simulcast.mp4	04:39:57.000	04:42:26.000						
8	116	Judas Priest	You've Got Another Thing Comin'	Philadelphia	Live Aid (1985) - S01E08 - MTV Simulcast.mp4	04:41:24.000	04:48:40.000						
8	117	Paul Young	Introduction by Andy Peebles	London	Live Aid (1985) - S01E08 - MTV Simulcast.mp4	04:44:21.000	04:45:22.000						
8	118	Paul Young	Do They Know It's Christmas? [Note: Intro Only]	London	Live Aid (1985) - S01E08 - MTV Simulcast.mp4	04:45:22.000	04:46:15.000						
8	119	Paul Young	Come Back and Stay	London	Live Aid (1985) - S01E08 - MTV Simulcast.mp4	04:46:15.000	04:53:25.000						
8	120	Paul Young + Alison Moyet	That's the Way Love Is	London	Live Aid (1985) - S01E08 - MTV Simulcast.mp4	04:53:25.000	04:58:16.000						
8	121	Paul Young	Everytime You Go Away	London	Live Aid (1985) - S01E08 - MTV Simulcast.mp4	04:58:16.000	05:05:08.000						
8	122	Bryan Adams	Introduction by Jack Nicholson	Philadelphia	Live Aid (1985) - S01E08 - MTV Simulcast.mp4	05:05:21.000	05:05:41.000						
8	123	Bryan Adams	Kids Wanna Rock	Philadelphia	Live Aid (1985) - S01E08 - MTV Simulcast.mp4	05:05:41.000	05:08:40.000						
8	124	Bryan Adams	Summer of '69	Philadelphia	Live Aid (1985) - S01E08 - MTV Simulcast.mp4	05:08:40.000	05:13:06.000						
8	125	Bryan Adams	Tears Are Not Enough	Philadelphia	Live Aid (1985) - S01E08 - MTV Simulcast.mp4	05:13:06.000	05:17:18.000						
8	126	Bryan Adams	Cuts Like a Knife	Philadelphia	Live Aid (1985) - S01E08 - MTV Simulcast.mp4	05:17:18.000	05:22:52.000						
8	127	U2	Introduction by Jack Nicholson	Philadelphia	Live Aid (1985) - S01E08 - MTV Simulcast.mp4	05:23:21.000	05:23:50.000						
8	128	U2	Introduction by Tommy Vance	London	Live Aid (1985) - S01E08 - MTV Simulcast.mp4	05:23:50.000	05:24:31.000						
8	129	U2	Sunday Bloody Sunday	London	Live Aid (1985) - S01E08 - MTV Simulcast.mp4	05:24:31.000	05:29:51.000						
8	130	U2	Bad [Note: Included Satellite of Love - Lou Reed; Ruby Tuesday - Rolling Stones; Sympathy for the Devil - Rolling Stones; Walk on the Wild Side - Lou Reed]	London	Live Aid (1985) - S01E08 - MTV Simulcast.mp4	05:29:51.000	05:42:18.000						
8	131	The Beach Boys	Introduction by Bill Graham of Marilyn McCoo	Philadelphia	Live Aid (1985) - S01E08 - MTV Simulcast.mp4	05:43:21.000	05:43:41.000						
8	132	The Beach Boys	Introduction by Marilyn McCoo	Philadelphia	Live Aid (1985) - S01E08 - MTV Simulcast.mp4	05:43:41.000	05:44:14.000						
8	133	The Beach Boys	California Girls	Philadelphia	Live Aid (1985) - S01E08 - MTV Simulcast.mp4	05:44:14.000	05:46:45.000						
8	134	The Beach Boys	"Help Me, Rhonda"	Philadelphia	Live Aid (1985) - S01E08 - MTV Simulcast.mp4	05:46:45.000	05:49:52.000						
8	135	The Beach Boys	Wouldn't It Be Nice	Philadelphia	Live Aid (1985) - S01E08 - MTV Simulcast.mp4	05:49:52.000	05:52:55.000						
8	136	The Beach Boys	Good Vibrations	Philadelphia	Live Aid (1985) - S01E08 - MTV Simulcast.mp4	05:52:55.000	05:57:41.000						
8	137	The Beach Boys	Surfin' U.S.A.	Philadelphia	Live Aid (1985) - S01E08 - MTV Simulcast.mp4	05:57:41.000	06:00:21.000						
8	138	Dire Straits + Sting	Introduction by Bill Graham	Philadelphia	Live Aid (1985) - S01E08 - MTV Simulcast.mp4	06:04:21.000	06:04:41.000						
8	139	Dire Straits + Sting	Introduction by Tommy Vance	London	Live Aid (1985) - S01E08 - MTV Simulcast.mp4	06:04:41.000	06:05:14.000						
8	140	Dire Straits + Sting	Money for Nothing	London	Live Aid (1985) - S01E08 - MTV Simulcast.mp4	06:05:14.000	06:12:40.000						
8	141	Dire Straits	Sultans of Swing	London	Live Aid (1985) - S01E08 - MTV Simulcast.mp4	06:12:40.000	06:23:57.000						
8	142	George Thorogood + Bo Didley	Introduction by George Segal	Philadelphia	Live Aid (1985) - S01E08 - MTV Simulcast.mp4	06:30:21.000	06:30:41.000						
8	143	George Thorogood + Bo Didley	Who Do You Love?	Philadelphia	Live Aid (1985) - S01E08 - MTV Simulcast.mp4	06:30:41.000	06:36:15.000						
8	144	George Thorogood	Tuning	Philadelphia	Live Aid (1985) - S01E08 - MTV Simulcast.mp4	06:36:15.000	06:37:14.000						
8	145	George Thorogood	The Sky Is Crying	Philadelphia	Live Aid (1985) - S01E08 - MTV Simulcast.mp4	06:37:14.000	06:43:17.000						
8	146	George Thorogood + Albert Collins	Madison Blues	Philadelphia	Live Aid (1985) - S01E08 - MTV Simulcast.mp4	06:43:17.000	06:48:27.000						
8	147	Griff Rhys-Jones + Mel Smith	Introduction by Andy Peebles	London	Live Aid (1985) - S01E08 - MTV Simulcast.mp4	06:43:21.000	06:45:12.000						
8	148	Griff Rhys-Jones + Mel Smith	An Old Lady is Complaining About the Noise	London	Live Aid (1985) - S01E08 - MTV Simulcast.mp4	06:45:12.000	06:45:32.000						
8	149	Queen	Bohemian Rhapsody [Note: First part only]	London	Live Aid (1985) - S01E08 - MTV Simulcast.mp4	06:45:21.000	06:47:43.000						
8	150	Queen	Radio Ga Ga	London	Live Aid (1985) - S01E08 - MTV Simulcast.mp4	06:47:43.000	06:51:43.000						
8	151	Queen	Interactive: Audience Call and Response	London	Live Aid (1985) - S01E08 - MTV Simulcast.mp4	06:51:43.000	06:52:23.000						
8	152	Queen	Hammer to Fall	London	Live Aid (1985) - S01E08 - MTV Simulcast.mp4	06:52:23.000	06:57:09.000						
8	153	Queen	Crazy Little Thing Called Love	London	Live Aid (1985) - S01E08 - MTV Simulcast.mp4	06:57:09.000	07:00:46.000						
8	154	Queen	We Will Rock You	London	Live Aid (1985) - S01E08 - MTV Simulcast.mp4	07:00:46.000	07:02:02.000						
8	155	Queen	We Are the Champions	London	Live Aid (1985) - S01E08 - MTV Simulcast.mp4	07:02:02.000	07:05:43.000						
8	156	David Bowie + Mick Jagger	Introduction by Chevy Chase	Philadelphia	Live Aid (1985) - S01E08 - MTV Simulcast.mp4	07:06:21.000	07:06:31.000						
8	157	David Bowie + Mick Jagger	Dancing in the Streets	Video	Live Aid (1985) - S01E08 - MTV Simulcast.mp4	07:06:31.000	07:09:16.000						
8	158	Simple Minds	Introduction by Joe Piscopo	Philadelphia	Live Aid (1985) - S01E08 - MTV Simulcast.mp4	07:09:21.000	07:09:45.000						
8	159	Simple Minds	Ghost Dancing	Philadelphia	Live Aid (1985) - S01E08 - MTV Simulcast.mp4	07:09:45.000	07:15:35.000						
8	160	Simple Minds	Don't You (Forget About Me)	Philadelphia	Live Aid (1985) - S01E08 - MTV Simulcast.mp4	07:15:35.000	07:22:31.000						
8	161	Simple Minds	Promised You a Miracle	Philadelphia	Live Aid (1985) - S01E08 - MTV Simulcast.mp4	07:22:31.000	07:25:31.000						
8	162	David Bowie	Introduction by Chevy Chase	Philadelphia	Live Aid (1985) - S01E08 - MTV Simulcast.mp4	07:27:21.000	07:27:37.000						
8	163	David Bowie	Introduction by Andy Peebles	London	Live Aid (1985) - S01E08 - MTV Simulcast.mp4	07:27:37.000	07:27:47.000						
8	164	David Bowie	TVC 15	London	Live Aid (1985) - S01E08 - MTV Simulcast.mp4	07:27:47.000	07:31:22.000						
8	165	David Bowie	Rebel Rebel	London	Live Aid (1985) - S01E08 - MTV Simulcast.mp4	07:31:22.000	07:34:35.000						
8	166	David Bowie	Modern Love	London	Live Aid (1985) - S01E08 - MTV Simulcast.mp4	07:34:35.000	07:38:06.000						
8	167	David Bowie	Heroes	London	Live Aid (1985) - S01E08 - MTV Simulcast.mp4	07:38:06.000	07:44:47.000						
8	168	CBC	Introduction by David Bowie	London	Live Aid (1985) - S01E08 - MTV Simulcast.mp4	07:44:47.000	07:45:28.000						
8	169	Pretenders	Introduction by Grace Slick	Philadelphia	Live Aid (1985) - S01E08 - MTV Simulcast.mp4	07:45:21.000	07:45:41.000						
8	170	CBC	Famine Video	Video	Live Aid (1985) - S01E08 - MTV Simulcast.mp4	07:45:28.000	07:49:13.000						
8	171	Pretenders	Time the Avenger	Philadelphia	Live Aid (1985) - S01E08 - MTV Simulcast.mp4	07:45:41.000	07:49:16.000						
8	172	Pretenders	Message of Love	Philadelphia	Live Aid (1985) - S01E08 - MTV Simulcast.mp4	07:49:16.000	07:52:31.000						
8	173	Pretenders	Stop Your Sobbing	Philadelphia	Live Aid (1985) - S01E08 - MTV Simulcast.mp4	07:52:31.000	07:54:31.000						
8	174	Pretenders	Back on the Chain Gang	Philadelphia	Live Aid (1985) - S01E08 - MTV Simulcast.mp4	07:54:31.000	07:58:06.000						
8	175	Pretenders	Middle of the Road	Philadelphia	Live Aid (1985) - S01E08 - MTV Simulcast.mp4	07:58:06.000	08:02:08.000						
8	176	The Who	Introduction by Jack Nicholson	Philadelphia	Live Aid (1985) - S01E08 - MTV Simulcast.mp4	08:03:21.000	08:04:34.000						
8	177	The Who	Introduction by Tommy Vance	London	Live Aid (1985) - S01E08 - MTV Simulcast.mp4	08:04:34.000	08:06:44.000						
8	178	The Who	"My Generation [Note: BBC blew a fuse. Broadcast interrupted, band kept playing]"	London	Live Aid (1985) - S01E08 - MTV Simulcast.mp4	08:06:44.000	08:08:24.000						
8	179	The Who	"Pinball Wizard [Note: BBC blew a fuse. Broadcast interrupted, band kept playing]"	London	Live Aid (1985) - S01E08 - MTV Simulcast.mp4	08:08:24.000	08:11:26.000						
8	180	The Who	"Love, Reign o'er Me"	London	Live Aid (1985) - S01E08 - MTV Simulcast.mp4	08:11:26.000	08:16:13.000						
8	181	The Who	Won't Get Fooled Again	London	Live Aid (1985) - S01E08 - MTV Simulcast.mp4	08:16:13.000	08:25:38.000						
8	182	Santana	Introduction by Bill Graham	Philadelphia	Live Aid (1985) - S01E08 - MTV Simulcast.mp4	08:25:21.000	08:25:30.000						
8	183	Santana	Brotherhood	Philadelphia	Live Aid (1985) - S01E08 - MTV Simulcast.mp4	08:25:30.000	08:28:52.000						
8	184	Santana	Primera Invasion	Philadelphia	Live Aid (1985) - S01E08 - MTV Simulcast.mp4	08:28:52.000	08:31:03.000						
8	185	Santana	Open Invitation	Philadelphia	Live Aid (1985) - S01E08 - MTV Simulcast.mp4	08:31:03.000	08:36:17.000						
8	186	Phil Collins + Steve Blacknell	"Concorde Interview [On BBC, played during Santana performance]"	Video	Live Aid (1985) - S01E08 - MTV Simulcast.mp4	08:31:21.000	08:34:27.000						
8	187	Norwegian Band Aid	All of Us	Video - Norway	Live Aid (1985) - S01E08 - MTV Simulcast.mp4	08:34:27.000	08:39:13.000						
8	188	Santana + Pat Metheny	By the Pool	Philadelphia	Live Aid (1985) - S01E08 - MTV Simulcast.mp4	08:36:17.000	08:40:49.000						
8	189	Santana + Pat Metheny	Right Now	Philadelphia	Live Aid (1985) - S01E08 - MTV Simulcast.mp4	08:40:49.000	08:43:49.000						
8	190	Elton John	Introduction by Billy Connolly	London	Live Aid (1985) - S01E08 - MTV Simulcast.mp4	08:54:21.000	08:55:28.000						
8	191	Elton John	I'm Still Standing	London	Live Aid (1985) - S01E08 - MTV Simulcast.mp4	08:55:28.000	08:58:48.000						
8	192	Elton John	Bennie and the Jets	London	Live Aid (1985) - S01E08 - MTV Simulcast.mp4	08:58:48.000	09:03:28.000						
8	193	Ashford & Simpson	Solid	Philadelphia	Live Aid (1985) - S01E08 - MTV Simulcast.mp4	09:01:21.000	09:06:17.000						
8	194	Elton John	Rocket Man	London	Live Aid (1985) - S01E08 - MTV Simulcast.mp4	09:03:28.000	09:08:12.000						
8	195	Ashford & Simpson + Teddy Pendergrass	Reach Out and Touch (Somebody's Hand)	Philadelphia	Live Aid (1985) - S01E08 - MTV Simulcast.mp4	09:06:17.000	09:12:22.000						
8	196	Elton John	Presentation of the Band	London	Live Aid (1985) - S01E08 - MTV Simulcast.mp4	09:08:12.000	09:08:46.000						
8	197	Elton John + Kiki Dee	Don't Go Breaking My Heart (with Kiki Dee)	London	Live Aid (1985) - S01E08 - MTV Simulcast.mp4	09:08:46.000	09:13:37.000						
8	198	Elton John + Wham!	Don't Let the Sun Go Down on Me (with Wham!)	London	Live Aid (1985) - S01E08 - MTV Simulcast.mp4	09:13:37.000	09:19:12.000						
8	199	Elton John	Can I Get a Witness	London	Live Aid (1985) - S01E08 - MTV Simulcast.mp4	09:19:12.000	09:22:54.000						
8	200	Kool & The Gang	Stand Up and Sing	Video - Pre-recorded video	Live Aid (1985) - S01E08 - MTV Simulcast.mp4	09:23:21.000	09:25:22.000						
8	201	Kool & The Gang	Cherish	Video - Pre-recorded video	Live Aid (1985) - S01E08 - MTV Simulcast.mp4	09:25:22.000	09:28:33.000						
8	202	Madonna	Introduction by Bill Graham of Bette Midler	Philadelphia	Live Aid (1985) - S01E08 - MTV Simulcast.mp4	09:31:21.000	09:31:31.000						
8	203	Madonna	Introduction by Bette Midler	Philadelphia	Live Aid (1985) - S01E08 - MTV Simulcast.mp4	09:31:31.000	09:31:41.000						
8	204	Madonna	Holiday	Philadelphia	Live Aid (1985) - S01E08 - MTV Simulcast.mp4	09:31:41.000	09:38:01.000						
8	205	Madonna	Into the Groove	Philadelphia	Live Aid (1985) - S01E08 - MTV Simulcast.mp4	09:38:01.000	09:44:30.000						
8	206	Madonna + Thompson Twins + Nile Rodgers	"Love Makes the World Go Round"" (w/Thompson Twins and Nile Rodgers)"	Philadelphia	Live Aid (1985) - S01E08 - MTV Simulcast.mp4	09:44:30.000	09:49:47.000						
8	207	Freddie Mercury + Brian May	Introduction by John Hurt	London	Live Aid (1985) - S01E08 - MTV Simulcast.mp4	09:52:21.000	09:52:56.000						
8	208	Freddie Mercury + Brian May	Is This the World We Created...?	London	Live Aid (1985) - S01E08 - MTV Simulcast.mp4	09:52:56.000	09:55:53.000						
8	209	Paul McCartney + David Bowie + Bob Geldof + Alison Moyet + Pete Townshend	Let It Be	London	Live Aid (1985) - S01E08 - MTV Simulcast.mp4	09:55:21.000	10:00:13.000						
8	210	Band Aid	Intermission	London	Live Aid (1985) - S01E08 - MTV Simulcast.mp4	10:01:21.000	10:02:18.000						
8	211	Band Aid	Do They Know It's Christmas?	London	Live Aid (1985) - S01E08 - MTV Simulcast.mp4	10:02:18.000	10:05:59.000						
8	212	Tom Petty and the Heartbreakers	Introduction by Bill Graham of Don Johnson	Philadelphia	Live Aid (1985) - S01E08 - MTV Simulcast.mp4	10:06:21.000	10:06:31.000						
8	213	Tom Petty and the Heartbreakers	Introduction by Don Johnson	Philadelphia	Live Aid (1985) - S01E08 - MTV Simulcast.mp4	10:06:31.000	10:06:41.000						
8	214	Tom Petty and the Heartbreakers	American Girl	Philadelphia	Live Aid (1985) - S01E08 - MTV Simulcast.mp4	10:06:41.000	10:10:48.000						
8	215	Tom Petty and the Heartbreakers	The Waiting	Philadelphia	Live Aid (1985) - S01E08 - MTV Simulcast.mp4	10:10:48.000	10:15:34.000						
8	216	Tom Petty and the Heartbreakers	Rebels	Philadelphia	Live Aid (1985) - S01E08 - MTV Simulcast.mp4	10:15:34.000	10:21:16.000						
8	217	Tom Petty and the Heartbreakers	Refugee	Philadelphia	Live Aid (1985) - S01E08 - MTV Simulcast.mp4	10:21:16.000	10:25:00.000						
8	218	Kenny Loggins	Introduction by Chevy Chase	Philadelphia	Live Aid (1985) - S01E08 - MTV Simulcast.mp4	10:34:21.000	10:34:41.000						
8	219	Kenny Loggins	Footloose	Philadelphia	Live Aid (1985) - S01E08 - MTV Simulcast.mp4	10:34:41.000	10:38:55.000						
8	220	The Cars	You Might Think	Philadelphia	Live Aid (1985) - S01E08 - MTV Simulcast.mp4	10:43:21.000	10:46:23.000						
8	221	The Cars	Drive	Philadelphia	Live Aid (1985) - S01E08 - MTV Simulcast.mp4	10:46:23.000	10:50:27.000						
8	222	The Cars	Just What I Needed	Philadelphia	Live Aid (1985) - S01E08 - MTV Simulcast.mp4	10:50:27.000	10:53:53.000						
8	223	The Cars	Heartbeat City	Philadelphia	Live Aid (1985) - S01E08 - MTV Simulcast.mp4	10:53:53.000	10:59:04.000						
8	224	Neil Young	Introduction by Joe Piscopo	Philadelphia	Live Aid (1985) - S01E08 - MTV Simulcast.mp4	11:10:21.000	11:10:31.000						
8	225	Neil Young	Sugar Mountain	Philadelphia	Live Aid (1985) - S01E08 - MTV Simulcast.mp4	11:10:31.000	11:15:16.000						
8	226	Neil Young	The Needle and the Damage Done	Philadelphia	Live Aid (1985) - S01E08 - MTV Simulcast.mp4	11:15:16.000	11:17:47.000						
8	227	Neil Young	Helpless	Philadelphia	Live Aid (1985) - S01E08 - MTV Simulcast.mp4	11:17:47.000	11:22:09.000						
8	228	Neil Young	Nothing Is Perfect (In God's Perfect Plan)	Philadelphia	Live Aid (1985) - S01E08 - MTV Simulcast.mp4	11:22:09.000	11:26:53.000						
8	229	Neil Young	Powderfinger	Philadelphia	Live Aid (1985) - S01E08 - MTV Simulcast.mp4	11:26:53.000	11:31:42.000						
8	230	The Power Station	Introduction by Don Johnson	Philadelphia	Live Aid (1985) - S01E08 - MTV Simulcast.mp4	11:46:21.000	11:46:38.000						
8	231	The Power Station	Murderess	Philadelphia	Live Aid (1985) - S01E08 - MTV Simulcast.mp4	11:46:38.000	11:50:58.000						
8	232	The Power Station	Get It On	Philadelphia	Live Aid (1985) - S01E08 - MTV Simulcast.mp4	11:50:58.000	11:56:58.000						
8	233	Thompson Twins	Introduction by Bette Midler	Philadelphia	Live Aid (1985) - S01E08 - MTV Simulcast.mp4	12:25:21.000	12:26:14.000						
8	234	Thompson Twins	Hold Me Now	Philadelphia	Live Aid (1985) - S01E08 - MTV Simulcast.mp4	12:26:14.000	12:34:13.000						
8	235	Thompson Twins + Madonna + Steve Stevens + Nile Rodgers	Revolution	Philadelphia	Live Aid (1985) - S01E08 - MTV Simulcast.mp4	12:34:13.000	12:39:00.000						
8	236	Eric Clapton	Introduction by Bill Graham	Philadelphia	Live Aid (1985) - S01E08 - MTV Simulcast.mp4	12:42:21.000	12:42:31.000						
8	237	Eric Clapton	White Room	Philadelphia	Live Aid (1985) - S01E08 - MTV Simulcast.mp4	12:42:31.000	12:47:44.000						
8	238	Eric Clapton	She's Waiting	Philadelphia	Live Aid (1985) - S01E08 - MTV Simulcast.mp4	12:47:44.000	12:52:28.000						
8	239	Eric Clapton	Layla	Philadelphia	Live Aid (1985) - S01E08 - MTV Simulcast.mp4	12:52:28.000	12:59:12.000						
8	240	Phil Collins	Introduction by Jack Nicholson and Bette Midler	Philadelphia	Live Aid (1985) - S01E08 - MTV Simulcast.mp4	13:04:21.000	13:05:23.000						
8	241	Phil Collins	Against All Odds (Take a Look at Me Now)	Philadelphia	Live Aid (1985) - S01E08 - MTV Simulcast.mp4	13:05:23.000	13:09:08.000						
8	242	Phil Collins	In the Air Tonight	Philadelphia	Live Aid (1985) - S01E08 - MTV Simulcast.mp4	13:09:08.000	13:13:44.000						
8	243	Led Zeppelin	Introduction by Phil Collins	Philadelphia	Live Aid (1985) - S01E08 - MTV Simulcast.mp4	13:14:21.000	13:15:57.000						
8	244	Led Zeppelin	Rock and Roll	Philadelphia	Live Aid (1985) - S01E08 - MTV Simulcast.mp4	13:15:57.000	13:20:40.000						
8	245	Led Zeppelin	Whole Lotta Love	Philadelphia	Live Aid (1985) - S01E08 - MTV Simulcast.mp4	13:20:40.000	13:26:00.000						
8	246	Led Zeppelin	Stairway to Heaven	Philadelphia	Live Aid (1985) - S01E08 - MTV Simulcast.mp4	13:26:00.000	13:35:19.000						
8	247	"Crosby, Stills, Nash & Young"	Only Love Can Break Your Heart	Philadelphia	Live Aid (1985) - S01E08 - MTV Simulcast.mp4	13:43:21.000	13:46:54.000						
8	248	"Crosby, Stills, Nash & Young"	Tuning	Philadelphia	Live Aid (1985) - S01E08 - MTV Simulcast.mp4	13:46:54.000	13:47:38.000						
8	249	"Crosby, Stills, Nash & Young"	Daylight Again	Philadelphia	Live Aid (1985) - S01E08 - MTV Simulcast.mp4	13:47:38.000	13:50:03.000						
8	250	Duran Duran	Introduction by Chevy Chase	Philadelphia	Live Aid (1985) - S01E08 - MTV Simulcast.mp4	13:50:21.000	13:50:36.000						
8	251	Duran Duran	A View to a Kill	Philadelphia	Live Aid (1985) - S01E08 - MTV Simulcast.mp4	13:50:36.000	13:54:43.000						
8	252	Duran Duran	Union of the Snake	Philadelphia	Live Aid (1985) - S01E08 - MTV Simulcast.mp4	13:54:43.000	13:59:24.000						
8	253	Duran Duran	Save a Prayer	Philadelphia	Live Aid (1985) - S01E08 - MTV Simulcast.mp4	13:59:24.000	14:06:08.000						
8	254	Duran Duran	The Reflex	Philadelphia	Live Aid (1985) - S01E08 - MTV Simulcast.mp4	14:06:08.000	14:12:09.000						
8	255	Cliff Richard	Introduction by Andy Kershaw	Video - BBC Chat Room	Live Aid (1985) - S01E08 - MTV Simulcast.mp4	14:15:21.000	14:15:22.000						
8	256	Cliff Richard	A World of Difference	Video - BBC Chat Room	Live Aid (1985) - S01E08 - MTV Simulcast.mp4	14:15:31.000	14:18:17.000						
8	257	Patti LaBelle	Introduction by Bette Midler	Philadelphia	Live Aid (1985) - S01E08 - MTV Simulcast.mp4	14:24:21.000	14:24:53.000						
8	258	Patti LaBelle	New Attitude	Philadelphia	Live Aid (1985) - S01E08 - MTV Simulcast.mp4	14:24:53.000	14:27:44.000						
8	259	Patti LaBelle	Imagine	Philadelphia	Live Aid (1985) - S01E08 - MTV Simulcast.mp4	14:27:44.000	14:32:28.000						
8	260	Patti LaBelle	Forever Young	Philadelphia	Live Aid (1985) - S01E08 - MTV Simulcast.mp4	14:32:28.000	14:38:22.000						
8	261	Patti LaBelle	Stir It Up	Philadelphia	Live Aid (1985) - S01E08 - MTV Simulcast.mp4	14:38:22.000	14:40:42.000						
8	262	Patti LaBelle	Over the Rainbow	Philadelphia	Live Aid (1985) - S01E08 - MTV Simulcast.mp4	14:40:42.000	14:43:25.000						
8	263	Patti LaBelle	Why Can't I Get It Over	Philadelphia	Live Aid (1985) - S01E08 - MTV Simulcast.mp4	14:43:25.000	14:46:09.000						
8	264	Hall & Oates	Introduction by Bill Graham of Dionne Warwick	Philadelphia	Live Aid (1985) - S01E08 - MTV Simulcast.mp4	14:54:21.000	14:54:31.000						
8	265	Hall & Oates	Introduction by Dionne Warwick	Philadelphia	Live Aid (1985) - S01E08 - MTV Simulcast.mp4	14:54:31.000	14:55:04.000						
8	266	Hall & Oates	Out of Touch	Philadelphia	Live Aid (1985) - S01E08 - MTV Simulcast.mp4	14:55:04.000	14:59:31.000						
8	267	Hall & Oates	Maneater	Philadelphia	Live Aid (1985) - S01E08 - MTV Simulcast.mp4	14:59:31.000	15:04:58.000						
8	268	Hall & Oates + Eddie Kendricks	Get Ready	Philadelphia	Live Aid (1985) - S01E08 - MTV Simulcast.mp4	15:04:58.000	15:07:32.000						
8	269	Hall & Oates + David Ruffin	Ain't Too Proud to Beg	Philadelphia	Live Aid (1985) - S01E08 - MTV Simulcast.mp4	15:07:32.000	15:10:21.000						
8	270	Hall & Oates	The Way You Do the Things You Do	Philadelphia	Live Aid (1985) - S01E08 - MTV Simulcast.mp4	15:10:21.000	15:13:02.000						
8	271	Hall & Oates + Eddie Kendricks + David Ruffin	My Girl	Philadelphia	Live Aid (1985) - S01E08 - MTV Simulcast.mp4	15:13:02.000	15:16:43.000						
8	272	Mick Jagger	Introduction by Bette Midler	Philadelphia	Live Aid (1985) - S01E08 - MTV Simulcast.mp4	15:19:21.000	15:19:50.000						
8	273	Mick Jagger	Lonely at the Top	Philadelphia	Live Aid (1985) - S01E08 - MTV Simulcast.mp4	15:19:50.000	15:23:15.000						
8	274	Mick Jagger	Just Another Night	Philadelphia	Live Aid (1985) - S01E08 - MTV Simulcast.mp4	15:23:15.000	15:28:42.000						
8	275	Mick Jagger	Miss You	Philadelphia	Live Aid (1985) - S01E08 - MTV Simulcast.mp4	15:28:42.000	15:33:52.000						
8	276	Mick Jagger + Tina Turner	State of Shock	Philadelphia	Live Aid (1985) - S01E08 - MTV Simulcast.mp4	15:33:52.000	15:36:26.000						
8	277	Mick Jagger + Tina Turner	It's Only Rock 'n Roll (But I Like It) (Reprise)	Philadelphia	Live Aid (1985) - S01E08 - MTV Simulcast.mp4	15:36:26.000	15:39:21.000						
8	278	Bob Dylan + Keith Richards + Ronnie Wood	Introduction by Bill Graham of Jack Nicholson	Philadelphia	Live Aid (1985) - S01E08 - MTV Simulcast.mp4	15:43:21.000	15:43:41.000						
8	279	Bob Dylan + Keith Richards + Ronnie Wood	Introduction by Jack Nicholson	Philadelphia	Live Aid (1985) - S01E08 - MTV Simulcast.mp4	15:43:41.000	15:44:30.000						
8	280	Bob Dylan + Keith Richards + Ronnie Wood	Ballad of Hollis Brown	Philadelphia	Live Aid (1985) - S01E08 - MTV Simulcast.mp4	15:44:30.000	15:49:04.000						
8	281	Bob Dylan + Keith Richards + Ronnie Wood	When the Ship Comes In	Philadelphia	Live Aid (1985) - S01E08 - MTV Simulcast.mp4	15:49:04.000	15:52:40.000						
8	282	Bob Dylan + Keith Richards + Ronnie Wood	Blowin' in the Wind	Philadelphia	Live Aid (1985) - S01E08 - MTV Simulcast.mp4	15:52:40.000	15:57:16.000						
8	283	USA for Africa	We Are the World	Philadelphia	Live Aid (1985) - S01E08 - MTV Simulcast.mp4	15:59:21.000	16:08:18.000						
8	284	MTV	Closing Segments	Philadelphia	Live Aid (1985) - S01E08 - MTV Simulcast.mp4	16:08:18.000	16:53:04.680						
													
9	1	Mental as Everything	Live It Up		Live Aid (1985) - S01E09 - Oz for Africa - MTV Simulcast.mp4	00:00:00.000	04:03:12.420						
9	2	Mental as Everything	"If You Leave Me, Can I Come Too?"		Live Aid (1985) - S01E09 - Oz for Africa - MTV Simulcast.mp4								
9	3	Mental as Everything	You're So Strong		Live Aid (1985) - S01E09 - Oz for Africa - MTV Simulcast.mp4								
9	4	Machinations	Pressure Sway		Live Aid (1985) - S01E09 - Oz for Africa - MTV Simulcast.mp4								
9	5	Machinations	My Heart's On Fire		Live Aid (1985) - S01E09 - Oz for Africa - MTV Simulcast.mp4								
9	6	Machinations	No Say In It		Live Aid (1985) - S01E09 - Oz for Africa - MTV Simulcast.mp4								
9	7	I'm Talking	Lead the Way		Live Aid (1985) - S01E09 - Oz for Africa - MTV Simulcast.mp4								
9	8	Models	Big On Love		Live Aid (1985) - S01E09 - Oz for Africa - MTV Simulcast.mp4								
9	9	Models	I Hear Motion		Live Aid (1985) - S01E09 - Oz for Africa - MTV Simulcast.mp4								
9	10	Models	Stormy Tonight		Live Aid (1985) - S01E09 - Oz for Africa - MTV Simulcast.mp4								
9	11	Models	"Out of Mind, Out of Sight"		Live Aid (1985) - S01E09 - Oz for Africa - MTV Simulcast.mp4								
9	12	Do-Ré-Mi	Man Overboard		Live Aid (1985) - S01E09 - Oz for Africa - MTV Simulcast.mp4								
9	13	Do-Ré-Mi	Warnings Moving Clockwise		Live Aid (1985) - S01E09 - Oz for Africa - MTV Simulcast.mp4								
9	14	Do-Ré-Mi	1000 Mouths		Live Aid (1985) - S01E09 - Oz for Africa - MTV Simulcast.mp4								
9	15	Electric Pandas	Missing Me		Live Aid (1985) - S01E09 - Oz for Africa - MTV Simulcast.mp4								
9	16	Electric Pandas	Let's Gamble		Live Aid (1985) - S01E09 - Oz for Africa - MTV Simulcast.mp4								
9	17	Dragon	Speak No Evil		Live Aid (1985) - S01E09 - Oz for Africa - MTV Simulcast.mp4								
9	18	Dragon	Rain		Live Aid (1985) - S01E09 - Oz for Africa - MTV Simulcast.mp4								
9	19	Dragon	Are You Old Enough		Live Aid (1985) - S01E09 - Oz for Africa - MTV Simulcast.mp4								
9	20	Men at Work	Maria		Live Aid (1985) - S01E09 - Oz for Africa - MTV Simulcast.mp4								
9	21	Men at Work	Overkill		Live Aid (1985) - S01E09 - Oz for Africa - MTV Simulcast.mp4								
9	22	Men at Work	The Longest Night		Live Aid (1985) - S01E09 - Oz for Africa - MTV Simulcast.mp4								
9	23	Australian Crawl	Reckless (Don't Be So)		Live Aid (1985) - S01E09 - Oz for Africa - MTV Simulcast.mp4								
9	24	Australian Crawl	Two Can Play		Live Aid (1985) - S01E09 - Oz for Africa - MTV Simulcast.mp4								
9	25	Australian Crawl	The Boys Light Up		Live Aid (1985) - S01E09 - Oz for Africa - MTV Simulcast.mp4								
9	26	Party Girls	Isolation		Live Aid (1985) - S01E09 - Oz for Africa - MTV Simulcast.mp4								
9	27	Uncanny X-Men	Work		Live Aid (1985) - S01E09 - Oz for Africa - MTV Simulcast.mp4								
9	28	Uncanny X-Men	50 Years		Live Aid (1985) - S01E09 - Oz for Africa - MTV Simulcast.mp4								
9	29	Goanna	Common Ground		Live Aid (1985) - S01E09 - Oz for Africa - MTV Simulcast.mp4								
9	30	Goanna	Song for Africa		Live Aid (1985) - S01E09 - Oz for Africa - MTV Simulcast.mp4								
9	31	Goanna	Solid Rock		Live Aid (1985) - S01E09 - Oz for Africa - MTV Simulcast.mp4								
9	32	Little River Band	Don't Blame Me		Live Aid (1985) - S01E09 - Oz for Africa - MTV Simulcast.mp4								
9	33	Little River Band	Full Circle		Live Aid (1985) - S01E09 - Oz for Africa - MTV Simulcast.mp4								
9	34	Little River Band	Night Owls		Live Aid (1985) - S01E09 - Oz for Africa - MTV Simulcast.mp4								
9	35	Little River Band	Playing to Win		Live Aid (1985) - S01E09 - Oz for Africa - MTV Simulcast.mp4								
9	36	Mondo Rock	Cool World		Live Aid (1985) - S01E09 - Oz for Africa - MTV Simulcast.mp4								
9	37	Mondo Rock	The Moment		Live Aid (1985) - S01E09 - Oz for Africa - MTV Simulcast.mp4								
9	38	Mondo Rock	Modern Bop		Live Aid (1985) - S01E09 - Oz for Africa - MTV Simulcast.mp4								
9	39	Mondo Rock	Come Said the Boy		Live Aid (1985) - S01E09 - Oz for Africa - MTV Simulcast.mp4								
9	40	Angel City	Small Price		Live Aid (1985) - S01E09 - Oz for Africa - MTV Simulcast.mp4								
9	41	Angel City	Eat City		Live Aid (1985) - S01E09 - Oz for Africa - MTV Simulcast.mp4								
9	42	Angel City	Underground		Live Aid (1985) - S01E09 - Oz for Africa - MTV Simulcast.mp4								
9	43	Angel City	Take a Long Line		Live Aid (1985) - S01E09 - Oz for Africa - MTV Simulcast.mp4								
9	44	Renee Geyer	Put a Little Love in Your Heart (cover)		Live Aid (1985) - S01E09 - Oz for Africa - MTV Simulcast.mp4								
9	45	Renee Geyer	All My Love		Live Aid (1985) - S01E09 - Oz for Africa - MTV Simulcast.mp4								
9	46	Renee Geyer	Telling it like it Is		Live Aid (1985) - S01E09 - Oz for Africa - MTV Simulcast.mp4								
9	47	INXS	Original Sin		Live Aid (1985) - S01E09 - Oz for Africa - MTV Simulcast.mp4								
9	48	INXS	Listen Like Thieves		Live Aid (1985) - S01E09 - Oz for Africa - MTV Simulcast.mp4								
9	49	INXS	Kiss the Dirt		Live Aid (1985) - S01E09 - Oz for Africa - MTV Simulcast.mp4								
9	50	INXS	What You Need		Live Aid (1985) - S01E09 - Oz for Africa - MTV Simulcast.mp4								
9	51	INXS	Don't Change		Live Aid (1985) - S01E09 - Oz for Africa - MTV Simulcast.mp4								