DISC MP4	TRACK	ARTIST	TITLE	LOCATION	TIME START	TIME END	FILE
1	1	---	Opening Credits	London	00:00:00.000	00:01:21.615	Live Aid (1985) - S01E01 - Disc 1.mp4
1	2	Status Quo	Rockin' All Over the World	London	00:01:21.615	00:05:27.828	Live Aid (1985) - S01E01 - Disc 1.mp4
1	3	Status Quo	Caroline	London	00:05:27.828	00:10:03.536	Live Aid (1985) - S01E01 - Disc 1.mp4
1	4	Style Council	Internationalists	London	00:10:03.536	00:13:15.995	Live Aid (1985) - S01E01 - Disc 1.mp4
1	5	Style Council	Walls Come Tumbling Down	London	00:13:15.995	00:16:48.007	Live Aid (1985) - S01E01 - Disc 1.mp4
1	6	Boomtown Rats	I Don't Like Mondays	London	00:16:48.007	00:22:15.401	Live Aid (1985) - S01E01 - Disc 1.mp4
1	7	Style Council	Drag Me Down	London	00:22:15.401	00:27:02.287	Live Aid (1985) - S01E01 - Disc 1.mp4
1	8	Adam Ant	Vive Le Rock	London	00:27:02.287	00:30:49.114	Live Aid (1985) - S01E01 - Disc 1.mp4
1	9	Ultravox	Dancing With Tears in My Eyes	London	00:30:49.114	00:35:41.640	Live Aid (1985) - S01E01 - Disc 1.mp4
1	10	Ultravox	Vienna	London	00:35:41.640	00:40:30.028	Live Aid (1985) - S01E01 - Disc 1.mp4
1	11	Spandau Ballet	Only When You Leave	London	00:40:30.028	00:46:01.359	Live Aid (1985) - S01E01 - Disc 1.mp4
1	12	Spandau Ballet	True	London	00:46:01.359	00:52:07.391	Live Aid (1985) - S01E01 - Disc 1.mp4
1	13	Elvis Costello	All You Need Is Love	London	00:52:07.391	00:56:00.324	Live Aid (1985) - S01E01 - Disc 1.mp4
1	14	Nik Kershaw	Wouldn't It Be Good	London	00:56:00.324	01:01:21.511	Live Aid (1985) - S01E01 - Disc 1.mp4
1	15	Sade	Your Love Is King	London	01:01:21.511	01:06:04.127	Live Aid (1985) - S01E01 - Disc 1.mp4
1	16	Sting + Phil Collins	Roxanne	London	01:06:04.127	01:10:00.763	Live Aid (1985) - S01E01 - Disc 1.mp4
1	17	Sting + Phil Collins	Against All Odds	London	01:10:00.763	01:14:06.475	Live Aid (1985) - S01E01 - Disc 1.mp4
1	18	Sting + Phil Collins	Every Breath You Take	London	01:14:06.475	01:17:37.653	Live Aid (1985) - S01E01 - Disc 1.mp4
1	19	Howard Jones	Hide & Seek	London	01:17:37.653	01:22:22.037	Live Aid (1985) - S01E01 - Disc 1.mp4
1	20	Bryan Ferry	Slave to Love	London	01:22:22.037	01:26:13.835	Live Aid (1985) - S01E01 - Disc 1.mp4
1	21	Bryan Ferry	Jealous Guy	London	01:26:13.835	01:30:27.689	Live Aid (1985) - S01E01 - Disc 1.mp4
1	22	Paul Young	Do They Know It's Christmas?	London	01:30:27.689	01:31:55.977	Live Aid (1985) - S01E01 - Disc 1.mp4
1	23	Paul Young	Come Back and Stay	London	01:31:55.977	01:38:33.908	Live Aid (1985) - S01E01 - Disc 1.mp4
1	24	Paul Young + Alison Moyet	That's the Way Love Is	London	01:38:33.908	01:43:45.219	Live Aid (1985) - S01E01 - Disc 1.mp4
1	25	Paul Young	Every Time You Go Away	London	01:43:45.219	01:50:42.970	Live Aid (1985) - S01E01 - Disc 1.mp4
1	26	---	Jack Nicholson (Philadelphia)	Philadelphia	01:50:42.970	01:51:06.093	Live Aid (1985) - S01E01 - Disc 1.mp4
1	27	Bryan Adams	Kids Wanna Rock	Philadelphia	01:51:06.093	01:54:24.157	Live Aid (1985) - S01E01 - Disc 1.mp4
1	28	Bryan Adams	Summer of '69	Philadelphia	01:54:24.157	01:58:43.683	Live Aid (1985) - S01E01 - Disc 1.mp4
1	29	---	Jack Nicholson (Philadelphia)	Philadelphia	01:58:43.683	02:04:28.761	Live Aid (1985) - S01E01 - Disc 1.mp4
1	30	U2	Sunday Bloody Sunday	London	02:04:28.761	02:14:09.275	Live Aid (1985) - S01E01 - Disc 1.mp4
1	31	U2	Bad	London	02:14:09.275	02:16:24.643	Live Aid (1985) - S01E01 - Disc 1.mp4
1	32	---	Closing Credits	London	02:16:24.643	02:17:44.256	Live Aid (1985) - S01E01 - Disc 1.mp4
							
2	1	The Beach Boys	Intro + Wouldn't It Be Nice	Philadelphia	00:00:00.000	00:02:48.602	Live Aid (1985) - S01E02 - Disc 2.mp4
2	2	The Beach Boys	Good Vibrations	Philadelphia	00:02:48.602	00:07:46.266	Live Aid (1985) - S01E02 - Disc 2.mp4
2	3	The Beach Boys	Surfin' USA	Philadelphia	00:07:46.266	00:10:59.359	Live Aid (1985) - S01E02 - Disc 2.mp4
2	4	Dire Straits + Sting	Money For Nothing	London	00:10:59.359	00:18:33.546	Live Aid (1985) - S01E02 - Disc 2.mp4
2	5	Dire Straits	Sultans Of Swing	London	00:18:33.546	00:30:13.145	Live Aid (1985) - S01E02 - Disc 2.mp4
2	6	George Thorogood + The Destroyers	Madison Blues	Philadelphia	00:30:13.145	00:35:33.765	Live Aid (1985) - S01E02 - Disc 2.mp4
2	7	Queen	Bohemian Rhapsody	London	00:35:33.765	00:38:16.361	Live Aid (1985) - S01E02 - Disc 2.mp4
2	8	Queen	Radio Gaga	London	00:38:16.361	00:43:04.982	Live Aid (1985) - S01E02 - Disc 2.mp4
2	9	Queen	Hammer To Fall	London	00:43:04.982	00:47:19.804	Live Aid (1985) - S01E02 - Disc 2.mp4
2	10	Queen	Crazy Little Thing Called Love	London	00:47:19.804	00:51:31.188	Live Aid (1985) - S01E02 - Disc 2.mp4
2	11	Queen	We Will Rock You	London	00:51:31.188	00:52:48.399	Live Aid (1985) - S01E02 - Disc 2.mp4
2	12	Queen	We Are The Champions	London	00:52:48.399	00:56:34.224	Live Aid (1985) - S01E02 - Disc 2.mp4
2	13	Simple Minds	Ghost Dancing	Philadelphia	00:56:34.224	01:01:58.048	Live Aid (1985) - S01E02 - Disc 2.mp4
2	14	Simple Minds	(Don't You) Forget About Me	Philadelphia	01:01:58.048	01:09:18.221	Live Aid (1985) - S01E02 - Disc 2.mp4
2	15	David Bowie	TVC15	London	01:09:18.221	01:13:06.616	Live Aid (1985) - S01E02 - Disc 2.mp4
2	16	David Bowie	Rebel Rebel	London	01:13:06.616	01:16:17.273	Live Aid (1985) - S01E02 - Disc 2.mp4
2	17	David Bowie	Modern Love	London	01:16:17.273	01:19:54.523	Live Aid (1985) - S01E02 - Disc 2.mp4
2	18	David Bowie	Heroes	London	01:19:54.523	01:26:45.901	Live Aid (1985) - S01E02 - Disc 2.mp4
2	19	---	CBC Ethiopian Famine Film	Video	01:26:45.901	01:30:54.449	Live Aid (1985) - S01E02 - Disc 2.mp4
2	20	Joan Baez	Amazing Grace	Philadelphia	01:30:54.449	01:32:22.804	Live Aid (1985) - S01E02 - Disc 2.mp4
2	21	The Pretenders	Stop Your Sobbing	Philadelphia	01:32:22.804	01:34:25.093	Live Aid (1985) - S01E02 - Disc 2.mp4
2	22	The Pretenders	Chain Gang	Philadelphia	01:34:25.093	01:38:00.208	Live Aid (1985) - S01E02 - Disc 2.mp4
2	23	The Pretenders	Middle Of The Road	Philadelphia	01:38:00.208	01:42:46.427	Live Aid (1985) - S01E02 - Disc 2.mp4
2	24	The Who	Love Reign O'er Me	London	01:42:46.427	01:47:59.707	Live Aid (1985) - S01E02 - Disc 2.mp4
2	25	The Who	Won't Get Fooled Again	London	01:47:59.707	01:57:35.015	Live Aid (1985) - S01E02 - Disc 2.mp4
2	26	Kenny Loggins	Footloose	Philadelphia	01:57:35.015	02:02:17.864	Live Aid (1985) - S01E02 - Disc 2.mp4
2	27	Elton John	Bennie and the Jets	London	02:02:17.864	02:07:33.012	Live Aid (1985) - S01E02 - Disc 2.mp4
2	28	Elton John	Rocket Man	London	02:07:33.012	02:12:24.136	Live Aid (1985) - S01E02 - Disc 2.mp4
2	29	Elton John + Kiki Dee	Don't Go Breaking My Heart	London	02:12:24.136	02:17:14.793	Live Aid (1985) - S01E02 - Disc 2.mp4
2	30	Elton John + George Michael	Don't Let The Sun Go Down On Me	London	02:17:14.793	02:23:30.001	Live Aid (1985) - S01E02 - Disc 2.mp4
2	31	---	Closing Credits	Video [Concorde]	02:23:30.001	02:24:45.777	Live Aid (1985) - S01E02 - Disc 2.mp4
							
3	1	---	Opening Credits	Philadelphia	00:00:00.000	00:01:27.888	Live Aid (1985) - S01E03 - Disc 3.mp4
3	2	Madonna	Holiday	Philadelphia	00:01:27.888	00:07:50.904	Live Aid (1985) - S01E03 - Disc 3.mp4
3	3	Madonna	Get Into the Groove	Philadelphia	00:07:50.904	00:13:15.194	Live Aid (1985) - S01E03 - Disc 3.mp4
3	4	Freddie Mercury + Brian May	Is This the World We Created?	London	00:13:15.194	00:16:39.232	Live Aid (1985) - S01E03 - Disc 3.mp4
3	5	Paul McCartney	Let It Be	London	00:16:39.232	00:22:08.194	Live Aid (1985) - S01E03 - Disc 3.mp4
3	6	Band Aid	Do They Know It's Christmas?	London	00:22:08.194	00:26:45.604	Live Aid (1985) - S01E03 - Disc 3.mp4
3	7	Tom Petty And The Heartbreakers	American Girl	Philadelphia	00:26:45.604	00:31:03.462	Live Aid (1985) - S01E03 - Disc 3.mp4
3	8	Tom Petty And The Heartbreakers	Refugee	Philadelphia	00:31:03.462	00:35:09.774	Live Aid (1985) - S01E03 - Disc 3.mp4
3	9	Black Sabbath + Ozzy Osbourne	Paranoid	Philadelphia	00:35:09.774	00:39:06.144	Live Aid (1985) - S01E03 - Disc 3.mp4
3	10	REO Speedwagon	Can't Fight This Feeling	Philadelphia	00:39:06.144	00:44:25.196	Live Aid (1985) - S01E03 - Disc 3.mp4
3	11	REO Speedwagon	Roll With the Changes	Philadelphia	00:44:25.196	00:49:55.259	Live Aid (1985) - S01E03 - Disc 3.mp4
3	12	Crosby, Stills & Nash	Teach Your Children	Philadelphia	00:49:55.259	00:53:35.045	Live Aid (1985) - S01E03 - Disc 3.mp4
3	13	Judas Priest	Living After Midnight	Philadelphia	00:53:35.045	00:57:35.986	Live Aid (1985) - S01E03 - Disc 3.mp4
3	14	Judas Priest	Green Manalishi	Philadelphia	00:57:35.986	01:01:41.431	Live Aid (1985) - S01E03 - Disc 3.mp4
3	15	The Cars	Just What I Needed	Philadelphia	01:01:41.431	01:05:08.338	Live Aid (1985) - S01E03 - Disc 3.mp4
3	16	The Cars	Heartbeat City	Philadelphia	01:05:08.338	01:10:21.884	Live Aid (1985) - S01E03 - Disc 3.mp4
3	17	Neil Young	The Needle and the Damage Done	Philadelphia	01:10:21.884	01:12:58.875	Live Aid (1985) - S01E03 - Disc 3.mp4
3	18	Neil Young	Nothing Is Perfect (In God's Perfect Plan)	Philadelphia	01:12:58.875	01:17:37.887	Live Aid (1985) - S01E03 - Disc 3.mp4
3	19	Thompson Twins + Steve Stevens + Nile Rodgers + Madonna	Revolution	Philadelphia	01:17:37.887	01:23:13.956	Live Aid (1985) - S01E03 - Disc 3.mp4
3	20	Eric Clapton	White Room	Philadelphia	01:23:13.956	01:28:37.279	Live Aid (1985) - S01E03 - Disc 3.mp4
3	21	Eric Clapton	She's Waiting	Philadelphia	01:28:37.279	01:33:35.810	Live Aid (1985) - S01E03 - Disc 3.mp4
3	22	Eric Clapton	Layla	Philadelphia	01:33:35.810	01:37:24.205	Live Aid (1985) - S01E03 - Disc 3.mp4
3	23	Eric Clapton + Phil Collins Et Al	Layla Piano Exit	Philadelphia	01:37:24.205	01:40:37.865	Live Aid (1985) - S01E03 - Disc 3.mp4
3	24	---	Jack Nicholson + Bette Midler	Philadelphia	01:40:37.865	01:41:48.536	Live Aid (1985) - S01E03 - Disc 3.mp4
3	25	Phil Collins	In the Air Tonight	London	01:41:48.536	01:47:01.982	Live Aid (1985) - S01E03 - Disc 3.mp4
3	26	Duran Duran	Union of the Snake	Philadelphia	01:47:01.982	01:52:12.893	Live Aid (1985) - S01E03 - Disc 3.mp4
3	27	Duran Duran	Save A Prayer	Philadelphia	01:52:12.893	01:58:45.385	Live Aid (1985) - S01E03 - Disc 3.mp4
3	28	Duran Duran	The Reflex	Philadelphia	01:58:45.385	02:05:34.994	Live Aid (1985) - S01E03 - Disc 3.mp4
3	29	Patti Labelle	Imagine	Philadelphia	02:05:34.994	02:10:37.997	Live Aid (1985) - S01E03 - Disc 3.mp4
3	30	Patti Labelle	Forever Young	Philadelphia	02:10:37.997	02:16:36.188	Live Aid (1985) - S01E03 - Disc 3.mp4
							
4	1	Daryl Hall & John Oates	Maneater	Philadelphia	00:00:00.000	00:05:36.000	Live Aid (1985) - S01E04 - Disc 4.mp4
4	2	Daryl Hall & John Oates + Eddie Kendricks	Get Ready (Cos Here I Come)	Philadelphia	00:05:36.000	00:08:26.000	Live Aid (1985) - S01E04 - Disc 4.mp4
4	3	Daryl Hall & John Oates + Eddie Kendricks + David Ruffin	Ain't Too Proud to Beg	Philadelphia	00:08:26.000	00:11:05.000	Live Aid (1985) - S01E04 - Disc 4.mp4
4	4	Daryl Hall & John Oates + Eddie Kendricks + David Ruffin	My Girl	Philadelphia	00:11:05.000	00:14:54.000	Live Aid (1985) - S01E04 - Disc 4.mp4
4	5	Mick Jagger	Just Another Night	Philadelphia	00:14:54.000	00:18:27.000	Live Aid (1985) - S01E04 - Disc 4.mp4
4	6	Mick Jagger	Just Another Night (Extended Vamp)	Philadelphia	00:18:32.000	00:20:31.000	Live Aid (1985) - S01E04 - Disc 4.mp4
4	7	Mick Jagger	Miss You	Philadelphia	00:20:31.000	00:25:46.000	Live Aid (1985) - S01E04 - Disc 4.mp4
4	8	Mick Jagger + Tina Turner	State of Shock	Philadelphia	00:25:47.000	00:28:24.000	Live Aid (1985) - S01E04 - Disc 4.mp4
4	9	Mick Jagger + Tina Turner	It's Only Rock 'N' Roll	Philadelphia	00:28:24.000	00:31:35.000	Live Aid (1985) - S01E04 - Disc 4.mp4
4	10	Bob Dylan + Keith Richards + Ron Wood	Blowing in the Wind	Philadelphia	00:31:35.000	00:38:14.000	Live Aid (1985) - S01E04 - Disc 4.mp4
4	11	USA For Africa	We Are the World (Finale)	Philadelphia	00:38:14.000	00:45:51.000	Live Aid (1985) - S01E04 - Disc 4.mp4
4	12	INXS	What You Need	Video [Australia]	00:45:52.000	00:49:26.000	Live Aid (1985) - S01E04 - Disc 4.mp4
4	13	INXS	Don't Change	Video [Australia]	00:49:26.000	00:54:38.000	Live Aid (1985) - S01E04 - Disc 4.mp4
4	14	B.B. King	Why I Sing the Blues	Video [Netherlands]	00:54:38.000	00:58:12.000	Live Aid (1985) - S01E04 - Disc 4.mp4
4	15	B.B. King	Don't Answer the Door	Video [Netherlands]	00:58:12.000	01:05:15.000	Live Aid (1985) - S01E04 - Disc 4.mp4
4	16	B.B. King	Rock Me Baby	Video [Netherlands]	01:05:15.000	01:06:14.000	Live Aid (1985) - S01E04 - Disc 4.mp4
4	17	Ashford & Simpson + Teddy Pendergrass	Reach Out and Touch	Philadelphia	01:06:14.000	01:12:34.000	Live Aid (1985) - S01E04 - Disc 4.mp4
4	18	Run D.M.C	King of Rock	Philadelphia	01:12:34.000	01:20:02.000	Live Aid (1985) - S01E04 - Disc 4.mp4
							
5	1	Cliff Richard	A World of Difference	Video	00:00:00.000	00:02:52.000	Live Aid (1985) - S01E05 - Disc 4 Extras.mp4
5	2	Various	Austria for Afrika	Video [Austria]	00:02:52.000	00:06:05.000	Live Aid (1985) - S01E05 - Disc 4 Extras.mp4
5	3	Various	Band Aid - Germany	Video [Germany]	00:06:05.000	00:08:40.000	Live Aid (1985) - S01E05 - Disc 4 Extras.mp4
5	4	Various	Live Aid - Japan	Video [Japan]	00:08:40.000	00:09:52.000	Live Aid (1985) - S01E05 - Disc 4 Extras.mp4
5	5	Autograph	Live Aid - USSR	Video [USSR]	00:09:52.000	00:12:08.000	Live Aid (1985) - S01E05 - Disc 4 Extras.mp4
5	6	Yu Rock Mission	Live Aid - Yugoslavia	Video [Yugoslavia]	00:12:08.000	00:13:51.000	Live Aid (1985) - S01E05 - Disc 4 Extras.mp4
5	7	All of Us	Live Aid - Norway	Video [Norway]	00:13:51.000	00:17:35.000	Live Aid (1985) - S01E05 - Disc 4 Extras.mp4
5	8	David Bowie + Mick Jagger	Dancing in the Streets	Video	00:17:35.000	00:20:29.000	Live Aid (1985) - S01E05 - Disc 4 Extras.mp4
							
6	1	Documentary	Food Trucks and Rock 'N' Roll	Video	00:00:00.000	01:05:03.000	Live Aid (1985) - S01E06 - Disc 4 Documentary.mp4
							
7	1	BBC	Opening Segments	London	00:00:00.000	00:12:00.000	Live Aid (1985) - S01E07 - BBC Simulcast.mp4
7	2	Coldstream Guards	Introduced by Richard Skinner - Royal Salute [Arrival of Prince and Princess of Wales]	London	00:12:00.000	00:12:25.000	Live Aid (1985) - S01E07 - BBC Simulcast.mp4
7	3	Coldstream Guards	God Save the Queen [Note: First six bars only, Introduced by Tommy Vance]	London	00:12:25.000	00:13:25.000	Live Aid (1985) - S01E07 - BBC Simulcast.mp4
7	4	Status Quo	Introduction by Tommy Vance	London	00:13:25.000	00:13:47.000	Live Aid (1985) - S01E07 - BBC Simulcast.mp4
7	5	Status Quo	Rockin' All Over the World	London	00:13:47.000	00:17:41.000	Live Aid (1985) - S01E07 - BBC Simulcast.mp4
7	6	Status Quo	Caroline	London	00:17:41.000	00:22:15.000	Live Aid (1985) - S01E07 - BBC Simulcast.mp4
7	7	Status Quo	Don't Waste My Time	London	00:22:15.000	00:26:49.000	Live Aid (1985) - S01E07 - BBC Simulcast.mp4
7	8	The Style Council	Introduction by Tommy Vance	London	00:31:00.000	00:31:25.000	Live Aid (1985) - S01E07 - BBC Simulcast.mp4
7	9	The Style Council	You're the Best Thing	London	00:31:25.000	00:36:25.000	Live Aid (1985) - S01E07 - BBC Simulcast.mp4
7	10	The Style Council	Big Boss Groove	London	00:36:25.000	00:40:20.000	Live Aid (1985) - S01E07 - BBC Simulcast.mp4
7	11	The Style Council	Internationalists	London	00:40:20.000	00:43:10.000	Live Aid (1985) - S01E07 - BBC Simulcast.mp4
7	12	The Style Council	Walls Come Tumbling Down!	London	00:43:10.000	00:46:46.000	Live Aid (1985) - S01E07 - BBC Simulcast.mp4
7	13	The Boomtown Rats	Introduction by Tommy Vance	London	00:56:00.000	00:56:21.000	Live Aid (1985) - S01E07 - BBC Simulcast.mp4
7	14	The Boomtown Rats	I Don't Like Mondays	London	00:56:21.000	01:01:38.000	Live Aid (1985) - S01E07 - BBC Simulcast.mp4
7	15	The Boomtown Rats	Drag Me Down	London	01:01:38.000	01:05:41.000	Live Aid (1985) - S01E07 - BBC Simulcast.mp4
7	16	The Boomtown Rats	Rat Trap	London	01:05:41.000	01:11:18.000	Live Aid (1985) - S01E07 - BBC Simulcast.mp4
7	17	Adam Ant	Introduction by Harvey Goldsmith	London	01:13:00.000	01:13:55.000	Live Aid (1985) - S01E07 - BBC Simulcast.mp4
7	18	Adam Ant	Vive Le Rock	London	01:13:55.000	01:17:21.000	Live Aid (1985) - S01E07 - BBC Simulcast.mp4
7	19	Oz for Africa	Introduction by Ian Meldrum	Video - Australia	01:18:00.000	01:19:00.000	Live Aid (1985) - S01E07 - BBC Simulcast.mp4
7	20	Oz for Africa	Music	Video - Australia	01:19:00.000	01:30:00.000	Live Aid (1985) - S01E07 - BBC Simulcast.mp4
7	21	Ultravox	Reap the Wild Wind	London	01:29:00.000	01:31:58.000	Live Aid (1985) - S01E07 - BBC Simulcast.mp4
7	22	Ultravox	Dancing with Tears in My Eyes	London	01:31:58.000	01:37:07.000	Live Aid (1985) - S01E07 - BBC Simulcast.mp4
7	23	Ultravox	One Small Day	London	01:37:07.000	01:40:56.000	Live Aid (1985) - S01E07 - BBC Simulcast.mp4
7	24	Ultravox	Vienna	London	01:40:56.000	01:45:42.000	Live Aid (1985) - S01E07 - BBC Simulcast.mp4
7	25	Loudness	Gotta Fight	Video - Japan	01:46:00.000	01:47:56.000	Live Aid (1985) - S01E07 - BBC Simulcast.mp4
7	26	Off Cause	Endless Night	Video - Japan	01:47:56.000	01:49:54.000	Live Aid (1985) - S01E07 - BBC Simulcast.mp4
7	27	Eikichi Yazawa	Take It Time	Video - Japan	01:49:54.000	01:51:45.000	Live Aid (1985) - S01E07 - BBC Simulcast.mp4
7	28	Motoharu San	Shame	Video - Japan	01:51:45.000	01:54:52.000	Live Aid (1985) - S01E07 - BBC Simulcast.mp4
7	29	Spandau Ballet	Introduction by Andy Peebles	London	01:58:00.000	01:58:32.000	Live Aid (1985) - S01E07 - BBC Simulcast.mp4
7	30	Spandau Ballet	Only When You Leave	London	01:58:32.000	02:03:54.000	Live Aid (1985) - S01E07 - BBC Simulcast.mp4
7	31	Bernard Watson	All I Really Want to Do	Philadelphia	02:03:00.000	02:08:00.000	Live Aid (1985) - S01E07 - BBC Simulcast.mp4
7	32	Spandau Ballet	Virgin	London	02:03:54.000	02:08:34.000	Live Aid (1985) - S01E07 - BBC Simulcast.mp4
7	33	Bernard Watson	Interview	Philadelphia	02:08:00.000	02:12:03.000	Live Aid (1985) - S01E07 - BBC Simulcast.mp4
7	34	Spandau Ballet	True	London	02:08:34.000	02:14:27.000	Live Aid (1985) - S01E07 - BBC Simulcast.mp4
7	35	Joan Baez	Introduction by Bill Graham of Jack Nicholson	Philadelphia	02:13:00.000	02:13:46.000	Live Aid (1985) - S01E07 - BBC Simulcast.mp4
7	36	Joan Baez	Introduction by Jack Nicholson	Philadelphia	02:13:46.000	02:15:05.000	Live Aid (1985) - S01E07 - BBC Simulcast.mp4
7	37	Joan Baez	Speech	Philadelphia	02:15:05.000	02:16:20.000	Live Aid (1985) - S01E07 - BBC Simulcast.mp4
7	38	Joan Baez	Amazing Grace	Philadelphia	02:16:20.000	02:18:15.000	Live Aid (1985) - S01E07 - BBC Simulcast.mp4
7	39	Joan Baez	We Are the World	Philadelphia	02:18:15.000	02:20:49.000	Live Aid (1985) - S01E07 - BBC Simulcast.mp4
7	40	Elvis Costello	Introduction by Andy Peebles	London	02:19:00.000	02:19:24.000	Live Aid (1985) - S01E07 - BBC Simulcast.mp4
7	41	Elvis Costello	All You Need Is Love	London	02:19:24.000	02:23:06.000	Live Aid (1985) - S01E07 - BBC Simulcast.mp4
7	42	The Hooters	Introduction by Bill Graham of Chevy Chase and Joe Piscopo	Philadelphia	02:22:00.000	02:23:30.000	Live Aid (1985) - S01E07 - BBC Simulcast.mp4
7	43	The Hooters	Introduction by Chevy Chase and Joe Piscopo	Philadelphia	02:23:30.000	02:25:00.000	Live Aid (1985) - S01E07 - BBC Simulcast.mp4
7	44	Austria for Afrika	Introduction	Video - Austria	02:24:00.000	02:24:52.000	Live Aid (1985) - S01E07 - BBC Simulcast.mp4
7	45	Austria for Afrika	Warum	Video - Austria	02:24:52.000	02:29:23.000	Live Aid (1985) - S01E07 - BBC Simulcast.mp4
7	46	The Hooters	And We Danced	Philadelphia	02:25:00.000	02:29:37.000	Live Aid (1985) - S01E07 - BBC Simulcast.mp4
7	47	The Hooters	All You Zombies	Philadelphia	02:29:37.000	02:35:21.000	Live Aid (1985) - S01E07 - BBC Simulcast.mp4
7	48	Nik Kershaw	Introduction by Tommy Vance	London	02:34:00.000	02:34:39.000	Live Aid (1985) - S01E07 - BBC Simulcast.mp4
7	49	Nik Kershaw	Wide Boy	London	02:34:39.000	02:38:04.000	Live Aid (1985) - S01E07 - BBC Simulcast.mp4
7	50	Nik Kershaw	Don Quixote	London	02:38:04.000	02:42:52.000	Live Aid (1985) - S01E07 - BBC Simulcast.mp4
7	51	Nik Kershaw	The Riddle	London	02:42:52.000	02:47:05.000	Live Aid (1985) - S01E07 - BBC Simulcast.mp4
7	52	Four Tops	Introduction by Chevy Chase	Philadelphia	02:44:00.000	02:44:20.000	Live Aid (1985) - S01E07 - BBC Simulcast.mp4
7	53	Four Tops	Shake Me, Wake Me (When It's Over)	Philadelphia	02:44:20.000	02:47:02.000	Live Aid (1985) - S01E07 - BBC Simulcast.mp4
7	54	Four Tops	Bernadette	Philadelphia	02:47:02.000	02:48:45.000	Live Aid (1985) - S01E07 - BBC Simulcast.mp4
7	55	Nik Kershaw	Wouldn't It Be Good	London	02:47:05.000	02:52:17.000	Live Aid (1985) - S01E07 - BBC Simulcast.mp4
7	56	Four Tops	It's the Same Old Song	Philadelphia	02:48:45.000	02:50:05.000	Live Aid (1985) - S01E07 - BBC Simulcast.mp4
7	57	Four Tops	Reach Out I'll Be There	Philadelphia	02:50:05.000	02:51:41.000	Live Aid (1985) - S01E07 - BBC Simulcast.mp4
7	58	Four Tops	I Can't Help Myself (Sugar Pie, Honey Bunch)	Philadelphia	02:51:41.000	02:54:09.000	Live Aid (1985) - S01E07 - BBC Simulcast.mp4
7	59	B.B. King	Introduction [JVC North Sea Jazz Festival]	Video - Netherlands	02:52:00.000	02:52:40.000	Live Aid (1985) - S01E07 - BBC Simulcast.mp4
7	60	B.B. King	When It All Comes Down [JVC North Sea Jazz Festival]	Video - Netherlands	02:52:40.000	02:53:08.000	Live Aid (1985) - S01E07 - BBC Simulcast.mp4
7	61	B.B. King	Why I Sing the Blues [JVC North Sea Jazz Festival]	Video - Netherlands	02:53:08.000	02:56:29.000	Live Aid (1985) - S01E07 - BBC Simulcast.mp4
7	62	B.B. King	Don't Answer the Door [JVC North Sea Jazz Festival]	Video - Netherlands	02:56:29.000	02:59:27.000	Live Aid (1985) - S01E07 - BBC Simulcast.mp4
7	63	Billy Ocean	Introduction by Chevy Chase	Philadelphia	02:57:00.000	02:57:20.000	Live Aid (1985) - S01E07 - BBC Simulcast.mp4
7	64	Billy Ocean	Caribbean Queen	Philadelphia	02:57:20.000	03:01:28.000	Live Aid (1985) - S01E07 - BBC Simulcast.mp4
7	65	B.B. King	Rock Me Baby [JVC North Sea Jazz Festival]	Video - Netherlands	02:59:27.000	03:01:33.000	Live Aid (1985) - S01E07 - BBC Simulcast.mp4
7	66	Billy Ocean	Loverboy	Philadelphia	03:01:28.000	03:05:06.000	Live Aid (1985) - S01E07 - BBC Simulcast.mp4
7	67	Sade	Introduction	London	03:05:00.000	03:05:13.000	Live Aid (1985) - S01E07 - BBC Simulcast.mp4
7	68	Sade	Why Can't We Live Together	London	03:05:13.000	03:10:48.000	Live Aid (1985) - S01E07 - BBC Simulcast.mp4
7	69	Black Sabbath	Introduction by Chevy Chase	Philadelphia	03:07:00.000	03:07:20.000	Live Aid (1985) - S01E07 - BBC Simulcast.mp4
7	70	Black Sabbath	Children of the Grave	Philadelphia	03:07:20.000	03:11:38.000	Live Aid (1985) - S01E07 - BBC Simulcast.mp4
7	71	Sade	Your Love Is King	London	03:10:48.000	03:15:22.000	Live Aid (1985) - S01E07 - BBC Simulcast.mp4
7	72	Black Sabbath	Iron Man	Philadelphia	03:11:38.000	03:19:22.000	Live Aid (1985) - S01E07 - BBC Simulcast.mp4
7	73	Sade	Is It a Crime?	London	03:15:22.000	03:21:32.000	Live Aid (1985) - S01E07 - BBC Simulcast.mp4
7	74	Black Sabbath	Paranoid	Philadelphia	03:19:22.000	03:22:40.000	Live Aid (1985) - S01E07 - BBC Simulcast.mp4
7	75	Yu Rock Mission	Introduction by Mladen Popovic	Video - Yugoslavia	03:22:00.000	03:22:30.000	Live Aid (1985) - S01E07 - BBC Simulcast.mp4
7	76	Yu Rock Mission	For a Million Years	Video - Yugoslavia	03:22:30.000	03:27:12.000	Live Aid (1985) - S01E07 - BBC Simulcast.mp4
7	77	Run–D.M.C.	Introduction by Joe Piscopo	Philadelphia	03:24:00.000	03:24:20.000	Live Aid (1985) - S01E07 - BBC Simulcast.mp4
7	78	Run–D.M.C.	Jam Master Jay	Philadelphia	03:24:20.000	03:27:20.000	Live Aid (1985) - S01E07 - BBC Simulcast.mp4
7	79	Run–D.M.C.	King of Rock	Philadelphia	03:27:20.000	03:31:44.000	Live Aid (1985) - S01E07 - BBC Simulcast.mp4
7	80	Sting	Introduction by Noel Edmonds	London	03:30:00.000	03:32:26.000	Live Aid (1985) - S01E07 - BBC Simulcast.mp4
7	81	Sting	Roxanne	London	03:32:26.000	03:36:04.000	Live Aid (1985) - S01E07 - BBC Simulcast.mp4
7	82	Sting	Driven to Tears	London	03:36:04.000	03:39:21.000	Live Aid (1985) - S01E07 - BBC Simulcast.mp4
7	83	Rick Springfield	Introduction by Joe Piscopo	Philadelphia	03:39:00.000	03:39:20.000	Live Aid (1985) - S01E07 - BBC Simulcast.mp4
7	84	Rick Springfield	Love Somebody	Philadelphia	03:39:20.000	03:42:57.000	Live Aid (1985) - S01E07 - BBC Simulcast.mp4
7	85	Phil Collins	Against All Odds	London	03:39:21.000	03:42:46.000	Live Aid (1985) - S01E07 - BBC Simulcast.mp4
7	86	Sting	Message in a Bottle	London	03:42:46.000	03:47:18.000	Live Aid (1985) - S01E07 - BBC Simulcast.mp4
7	87	Rick Springfield	State of the Heart	Philadelphia	03:42:57.000	03:47:01.000	Live Aid (1985) - S01E07 - BBC Simulcast.mp4
7	88	Rick Springfield	Human Touch	Philadelphia	03:47:01.000	03:49:24.000	Live Aid (1985) - S01E07 - BBC Simulcast.mp4
7	89	Phil Collins	In the Air Tonight	London	03:47:18.000	03:52:03.000	Live Aid (1985) - S01E07 - BBC Simulcast.mp4
7	90	Sting + Phil Collins + Branford Marsalis	Long Long Way to Go	London	03:52:03.000	03:55:33.000	Live Aid (1985) - S01E07 - BBC Simulcast.mp4
7	91	Sting + Phil Collins + Branford Marsalis	Every Breath You Take	London	03:55:33.000	03:58:45.000	Live Aid (1985) - S01E07 - BBC Simulcast.mp4
7	92	REO Speedwagon	Introduction by Chevy Chase	Philadelphia	03:59:00.000	03:59:20.000	Live Aid (1985) - S01E07 - BBC Simulcast.mp4
7	93	REO Speedwagon	Can't Fight This Feeling	Philadelphia	03:59:20.000	04:04:45.000	Live Aid (1985) - S01E07 - BBC Simulcast.mp4
7	94	Howard Jones	Introduction by Andy Peebles	London	04:01:00.000	04:01:48.000	Live Aid (1985) - S01E07 - BBC Simulcast.mp4
7	95	Howard Jones	Hide and Seek	London	04:01:48.000	04:05:44.000	Live Aid (1985) - S01E07 - BBC Simulcast.mp4
7	96	REO Speedwagon + Beach Boys	Roll with the Changes	Philadelphia	04:04:45.000	04:09:26.000	Live Aid (1985) - S01E07 - BBC Simulcast.mp4
7	97	Автограф	Introduction by Vladimir Posner	Video - USSR	04:07:00.000	04:07:58.000	Live Aid (1985) - S01E07 - BBC Simulcast.mp4
7	98	Автограф	Головокружение	Video - USSR	04:07:58.000	04:13:17.000	Live Aid (1985) - S01E07 - BBC Simulcast.mp4
7	99	Автограф	Speech by Vladimir Posner	Video - USSR	04:13:17.000	04:13:55.000	Live Aid (1985) - S01E07 - BBC Simulcast.mp4
7	100	Автограф	Нам Нужен Мир	Video - USSR	04:13:55.000	04:17:56.000	Live Aid (1985) - S01E07 - BBC Simulcast.mp4
7	101	Bryan Ferry + David Gilmour	Introduction by Andy Peebles	London	04:20:00.000	04:20:20.000	Live Aid (1985) - S01E07 - BBC Simulcast.mp4
7	102	Bryan Ferry + David Gilmour	Sensation	London	04:20:20.000	04:24:51.000	Live Aid (1985) - S01E07 - BBC Simulcast.mp4
7	103	Crosby, Stills and Nash	Southern Cross	Philadelphia	04:24:00.000	04:28:57.000	Live Aid (1985) - S01E07 - BBC Simulcast.mp4
7	104	Bryan Ferry + David Gilmour	Boys and Girls	London	04:24:51.000	04:29:22.000	Live Aid (1985) - S01E07 - BBC Simulcast.mp4
7	105	Crosby, Stills and Nash	Teach Your Children	Philadelphia	04:28:57.000	04:32:10.000	Live Aid (1985) - S01E07 - BBC Simulcast.mp4
7	106	Bryan Ferry + David Gilmour	Slave to Love	London	04:29:22.000	04:33:05.000	Live Aid (1985) - S01E07 - BBC Simulcast.mp4
7	107	Crosby, Stills and Nash	Suite: Judy Blue Eyes	Philadelphia	04:32:10.000	04:40:15.000	Live Aid (1985) - S01E07 - BBC Simulcast.mp4
7	108	Bryan Ferry + David Gilmour	Jealous Guy	London	04:33:05.000	04:37:54.000	Live Aid (1985) - S01E07 - BBC Simulcast.mp4
7	109	Band Für Afrika	Introduction by Evelyn Selbert and Ken Janz	Video - Germany	04:39:00.000	04:39:20.000	Live Aid (1985) - S01E07 - BBC Simulcast.mp4
7	110	Band Für Afrika	Speech by Udo Lindenberg	Video - Germany	04:39:20.000	04:43:33.000	Live Aid (1985) - S01E07 - BBC Simulcast.mp4
7	111	Judas Priest	Introduction by Chevy Chase	Philadelphia	04:41:00.000	04:41:20.000	Live Aid (1985) - S01E07 - BBC Simulcast.mp4
7	112	Judas Priest	Living After Midnight	Philadelphia	04:41:20.000	04:45:21.000	Live Aid (1985) - S01E07 - BBC Simulcast.mp4
7	113	Band Für Afrika	Nackt im Wind	Video - Germany	04:43:33.000	04:47:36.000	Live Aid (1985) - S01E07 - BBC Simulcast.mp4
7	114	Judas Priest	The Green Manalishi (With the Two-Pronged Crown)	Philadelphia	04:45:21.000	04:49:03.000	Live Aid (1985) - S01E07 - BBC Simulcast.mp4
7	115	Band Für Afrika	Ein Jahr (Es Geht Voran)	Video - Germany	04:47:36.000	04:50:05.000	Live Aid (1985) - S01E07 - BBC Simulcast.mp4
7	116	Judas Priest	You've Got Another Thing Comin'	Philadelphia	04:49:03.000	04:56:19.000	Live Aid (1985) - S01E07 - BBC Simulcast.mp4
7	117	Paul Young	Introduction by Andy Peebles	London	04:52:00.000	04:53:01.000	Live Aid (1985) - S01E07 - BBC Simulcast.mp4
7	118	Paul Young	Do They Know It's Christmas? [Note: Intro Only]	London	04:53:01.000	04:53:54.000	Live Aid (1985) - S01E07 - BBC Simulcast.mp4
7	119	Paul Young	Come Back and Stay	London	04:53:54.000	05:01:04.000	Live Aid (1985) - S01E07 - BBC Simulcast.mp4
7	120	Paul Young + Alison Moyet	That's the Way Love Is	London	05:01:04.000	05:05:55.000	Live Aid (1985) - S01E07 - BBC Simulcast.mp4
7	121	Paul Young	Everytime You Go Away	London	05:05:55.000	05:12:47.000	Live Aid (1985) - S01E07 - BBC Simulcast.mp4
7	122	Bryan Adams	Introduction by Jack Nicholson	Philadelphia	05:13:00.000	05:13:20.000	Live Aid (1985) - S01E07 - BBC Simulcast.mp4
7	123	Bryan Adams	Kids Wanna Rock	Philadelphia	05:13:20.000	05:16:19.000	Live Aid (1985) - S01E07 - BBC Simulcast.mp4
7	124	Bryan Adams	Summer of '69	Philadelphia	05:16:19.000	05:20:45.000	Live Aid (1985) - S01E07 - BBC Simulcast.mp4
7	125	Bryan Adams	Tears Are Not Enough	Philadelphia	05:20:45.000	05:24:57.000	Live Aid (1985) - S01E07 - BBC Simulcast.mp4
7	126	Bryan Adams	Cuts Like a Knife	Philadelphia	05:24:57.000	05:30:31.000	Live Aid (1985) - S01E07 - BBC Simulcast.mp4
7	127	U2	Introduction by Jack Nicholson	Philadelphia	05:31:00.000	05:31:29.000	Live Aid (1985) - S01E07 - BBC Simulcast.mp4
7	128	U2	Introduction by Tommy Vance	London	05:31:29.000	05:32:10.000	Live Aid (1985) - S01E07 - BBC Simulcast.mp4
7	129	U2	Sunday Bloody Sunday	London	05:32:10.000	05:37:30.000	Live Aid (1985) - S01E07 - BBC Simulcast.mp4
7	130	U2	Bad [Note: Included Satellite of Love - Lou Reed; Ruby Tuesday - Rolling Stones; Sympathy for the Devil - Rolling Stones; Walk on the Wild Side - Lou Reed]	London	05:37:30.000	05:49:57.000	Live Aid (1985) - S01E07 - BBC Simulcast.mp4
7	131	The Beach Boys	Introduction by Bill Graham of Marilyn McCoo	Philadelphia	05:51:00.000	05:51:20.000	Live Aid (1985) - S01E07 - BBC Simulcast.mp4
7	132	The Beach Boys	Introduction by Marilyn McCoo	Philadelphia	05:51:20.000	05:51:53.000	Live Aid (1985) - S01E07 - BBC Simulcast.mp4
7	133	The Beach Boys	California Girls	Philadelphia	05:51:53.000	05:54:24.000	Live Aid (1985) - S01E07 - BBC Simulcast.mp4
7	134	The Beach Boys	Help Me, Rhonda	Philadelphia	05:54:24.000	05:57:31.000	Live Aid (1985) - S01E07 - BBC Simulcast.mp4
7	135	The Beach Boys	Wouldn't It Be Nice	Philadelphia	05:57:31.000	06:00:34.000	Live Aid (1985) - S01E07 - BBC Simulcast.mp4
7	136	The Beach Boys	Good Vibrations	Philadelphia	06:00:34.000	06:05:20.000	Live Aid (1985) - S01E07 - BBC Simulcast.mp4
7	137	The Beach Boys	Surfin' U.S.A.	Philadelphia	06:05:20.000	06:08:00.000	Live Aid (1985) - S01E07 - BBC Simulcast.mp4
7	138	Dire Straits + Sting	Introduction by Bill Graham	Philadelphia	06:12:00.000	06:12:20.000	Live Aid (1985) - S01E07 - BBC Simulcast.mp4
7	139	Dire Straits + Sting	Introduction by Tommy Vance	London	06:12:20.000	06:12:53.000	Live Aid (1985) - S01E07 - BBC Simulcast.mp4
7	140	Dire Straits + Sting	Money for Nothing	London	06:12:53.000	06:20:19.000	Live Aid (1985) - S01E07 - BBC Simulcast.mp4
7	141	Dire Straits	Sultans of Swing	London	06:20:19.000	06:31:36.000	Live Aid (1985) - S01E07 - BBC Simulcast.mp4
7	142	George Thorogood + Bo Didley	Introduction by George Segal	Philadelphia	06:38:00.000	06:38:20.000	Live Aid (1985) - S01E07 - BBC Simulcast.mp4
7	143	George Thorogood + Bo Didley	Who Do You Love?	Philadelphia	06:38:20.000	06:43:54.000	Live Aid (1985) - S01E07 - BBC Simulcast.mp4
7	144	George Thorogood	Tuning	Philadelphia	06:43:54.000	06:44:53.000	Live Aid (1985) - S01E07 - BBC Simulcast.mp4
7	145	George Thorogood	The Sky Is Crying	Philadelphia	06:44:53.000	06:50:56.000	Live Aid (1985) - S01E07 - BBC Simulcast.mp4
7	146	George Thorogood + Albert Collins	Madison Blues	Philadelphia	06:50:56.000	06:56:06.000	Live Aid (1985) - S01E07 - BBC Simulcast.mp4
7	147	Griff Rhys-Jones + Mel Smith	Introduction by Andy Peebles	London	06:51:00.000	06:52:51.000	Live Aid (1985) - S01E07 - BBC Simulcast.mp4
7	148	Griff Rhys-Jones + Mel Smith	An Old Lady is Complaining About the Noise	London	06:52:51.000	06:53:11.000	Live Aid (1985) - S01E07 - BBC Simulcast.mp4
7	149	Queen	Bohemian Rhapsody [Note: First part only]	London	06:53:00.000	06:55:22.000	Live Aid (1985) - S01E07 - BBC Simulcast.mp4
7	150	Queen	Radio Ga Ga	London	06:55:22.000	06:59:22.000	Live Aid (1985) - S01E07 - BBC Simulcast.mp4
7	151	Queen	Interactive: Audience Call and Response	London	06:59:22.000	07:00:02.000	Live Aid (1985) - S01E07 - BBC Simulcast.mp4
7	152	Queen	Hammer to Fall	London	07:00:02.000	07:04:48.000	Live Aid (1985) - S01E07 - BBC Simulcast.mp4
7	153	Queen	Crazy Little Thing Called Love	London	07:04:48.000	07:08:25.000	Live Aid (1985) - S01E07 - BBC Simulcast.mp4
7	154	Queen	We Will Rock You	London	07:08:25.000	07:09:41.000	Live Aid (1985) - S01E07 - BBC Simulcast.mp4
7	155	Queen	We Are the Champions	London	07:09:41.000	07:13:22.000	Live Aid (1985) - S01E07 - BBC Simulcast.mp4
7	156	David Bowie + Mick Jagger	Introduction by Chevy Chase	Philadelphia	07:14:00.000	07:14:10.000	Live Aid (1985) - S01E07 - BBC Simulcast.mp4
7	157	David Bowie + Mick Jagger	Dancing in the Streets	Video	07:14:10.000	07:16:55.000	Live Aid (1985) - S01E07 - BBC Simulcast.mp4
7	158	Simple Minds	Introduction by Joe Piscopo	Philadelphia	07:17:00.000	07:17:24.000	Live Aid (1985) - S01E07 - BBC Simulcast.mp4
7	159	Simple Minds	Ghost Dancing	Philadelphia	07:17:24.000	07:23:14.000	Live Aid (1985) - S01E07 - BBC Simulcast.mp4
7	160	Simple Minds	Don't You (Forget About Me)	Philadelphia	07:23:14.000	07:30:10.000	Live Aid (1985) - S01E07 - BBC Simulcast.mp4
7	161	Simple Minds	Promised You a Miracle	Philadelphia	07:30:10.000	07:33:10.000	Live Aid (1985) - S01E07 - BBC Simulcast.mp4
7	162	David Bowie	Introduction by Chevy Chase	Philadelphia	07:35:00.000	07:35:16.000	Live Aid (1985) - S01E07 - BBC Simulcast.mp4
7	163	David Bowie	Introduction by Andy Peebles	London	07:35:16.000	07:35:26.000	Live Aid (1985) - S01E07 - BBC Simulcast.mp4
7	164	David Bowie	TVC 15	London	07:35:26.000	07:39:01.000	Live Aid (1985) - S01E07 - BBC Simulcast.mp4
7	165	David Bowie	Rebel Rebel	London	07:39:01.000	07:42:14.000	Live Aid (1985) - S01E07 - BBC Simulcast.mp4
7	166	David Bowie	Modern Love	London	07:42:14.000	07:45:45.000	Live Aid (1985) - S01E07 - BBC Simulcast.mp4
7	167	David Bowie	Heroes	London	07:45:45.000	07:52:26.000	Live Aid (1985) - S01E07 - BBC Simulcast.mp4
7	168	CBC	Introduction by David Bowie	London	07:52:26.000	07:53:07.000	Live Aid (1985) - S01E07 - BBC Simulcast.mp4
7	169	Pretenders	Introduction by Grace Slick	Philadelphia	07:53:00.000	07:53:20.000	Live Aid (1985) - S01E07 - BBC Simulcast.mp4
7	170	CBC	Famine Video	Video	07:53:07.000	07:56:52.000	Live Aid (1985) - S01E07 - BBC Simulcast.mp4
7	171	Pretenders	Time the Avenger	Philadelphia	07:53:20.000	07:56:55.000	Live Aid (1985) - S01E07 - BBC Simulcast.mp4
7	172	Pretenders	Message of Love	Philadelphia	07:56:55.000	08:00:10.000	Live Aid (1985) - S01E07 - BBC Simulcast.mp4
7	173	Pretenders	Stop Your Sobbing	Philadelphia	08:00:10.000	08:02:10.000	Live Aid (1985) - S01E07 - BBC Simulcast.mp4
7	174	Pretenders	Back on the Chain Gang	Philadelphia	08:02:10.000	08:05:45.000	Live Aid (1985) - S01E07 - BBC Simulcast.mp4
7	175	Pretenders	Middle of the Road	Philadelphia	08:05:45.000	08:09:47.000	Live Aid (1985) - S01E07 - BBC Simulcast.mp4
7	176	The Who	Introduction by Jack Nicholson	Philadelphia	08:11:00.000	08:12:13.000	Live Aid (1985) - S01E07 - BBC Simulcast.mp4
7	177	The Who	Introduction by Tommy Vance	London	08:12:13.000	08:14:23.000	Live Aid (1985) - S01E07 - BBC Simulcast.mp4
7	178	The Who	My Generation [Note: BBC blew a fuse. Broadcast interrupted, band kept playing]	London	08:14:23.000	08:16:03.000	Live Aid (1985) - S01E07 - BBC Simulcast.mp4
7	179	The Who	Pinball Wizard [Note: BBC blew a fuse. Broadcast interrupted, band kept playing]	London	08:16:03.000	08:19:05.000	Live Aid (1985) - S01E07 - BBC Simulcast.mp4
7	180	The Who	Love, Reign o'er Me	London	08:19:05.000	08:23:52.000	Live Aid (1985) - S01E07 - BBC Simulcast.mp4
7	181	The Who	Won't Get Fooled Again	London	08:23:52.000	08:33:17.000	Live Aid (1985) - S01E07 - BBC Simulcast.mp4
7	182	Santana	Introduction by Bill Graham	Philadelphia	08:33:00.000	08:33:09.000	Live Aid (1985) - S01E07 - BBC Simulcast.mp4
7	183	Santana	Brotherhood	Philadelphia	08:33:09.000	08:36:31.000	Live Aid (1985) - S01E07 - BBC Simulcast.mp4
7	184	Santana	Primera Invasion	Philadelphia	08:36:31.000	08:38:42.000	Live Aid (1985) - S01E07 - BBC Simulcast.mp4
7	185	Santana	Open Invitation	Philadelphia	08:38:42.000	08:43:56.000	Live Aid (1985) - S01E07 - BBC Simulcast.mp4
7	186	Phil Collins + Steve Blacknell	Concorde Interview [On BBC, played during Santana performance]	Video	08:39:00.000	08:42:06.000	Live Aid (1985) - S01E07 - BBC Simulcast.mp4
7	187	Norwegian Band Aid	All of Us	Video - Norway	08:42:06.000	08:46:52.000	Live Aid (1985) - S01E07 - BBC Simulcast.mp4
7	188	Santana + Pat Metheny	By the Pool	Philadelphia	08:43:56.000	08:48:28.000	Live Aid (1985) - S01E07 - BBC Simulcast.mp4
7	189	Santana + Pat Metheny	Right Now	Philadelphia	08:48:28.000	08:51:28.000	Live Aid (1985) - S01E07 - BBC Simulcast.mp4
7	190	Elton John	Introduction by Billy Connolly	London	09:02:00.000	09:03:07.000	Live Aid (1985) - S01E07 - BBC Simulcast.mp4
7	191	Elton John	I'm Still Standing	London	09:03:07.000	09:06:27.000	Live Aid (1985) - S01E07 - BBC Simulcast.mp4
7	192	Elton John	Bennie and the Jets	London	09:06:27.000	09:11:07.000	Live Aid (1985) - S01E07 - BBC Simulcast.mp4
7	193	Ashford & Simpson	Solid	Philadelphia	09:09:00.000	09:13:56.000	Live Aid (1985) - S01E07 - BBC Simulcast.mp4
7	194	Elton John	Rocket Man	London	09:11:07.000	09:15:51.000	Live Aid (1985) - S01E07 - BBC Simulcast.mp4
7	195	Ashford & Simpson + Teddy Pendergrass	Reach Out and Touch (Somebody's Hand)	Philadelphia	09:13:56.000	09:20:01.000	Live Aid (1985) - S01E07 - BBC Simulcast.mp4
7	196	Elton John	Presentation of the Band	London	09:15:51.000	09:16:25.000	Live Aid (1985) - S01E07 - BBC Simulcast.mp4
7	197	Elton John + Kiki Dee	Don't Go Breaking My Heart (with Kiki Dee)	London	09:16:25.000	09:21:16.000	Live Aid (1985) - S01E07 - BBC Simulcast.mp4
7	198	Elton John + Wham!	Don't Let the Sun Go Down on Me (with Wham!)	London	09:21:16.000	09:26:51.000	Live Aid (1985) - S01E07 - BBC Simulcast.mp4
7	199	Elton John	Can I Get a Witness	London	09:26:51.000	09:30:33.000	Live Aid (1985) - S01E07 - BBC Simulcast.mp4
7	200	Kool & The Gang	Stand Up and Sing	Video - Pre-recorded video	09:31:00.000	09:33:01.000	Live Aid (1985) - S01E07 - BBC Simulcast.mp4
7	201	Kool & The Gang	Cherish	Video - Pre-recorded video	09:33:01.000	09:36:12.000	Live Aid (1985) - S01E07 - BBC Simulcast.mp4
7	202	Madonna	Introduction by Bill Graham of Bette Midler	Philadelphia	09:39:00.000	09:39:10.000	Live Aid (1985) - S01E07 - BBC Simulcast.mp4
7	203	Madonna	Introduction by Bette Midler	Philadelphia	09:39:10.000	09:39:20.000	Live Aid (1985) - S01E07 - BBC Simulcast.mp4
7	204	Madonna	Holiday	Philadelphia	09:39:20.000	09:45:40.000	Live Aid (1985) - S01E07 - BBC Simulcast.mp4
7	205	Madonna	Into the Groove	Philadelphia	09:45:40.000	09:52:09.000	Live Aid (1985) - S01E07 - BBC Simulcast.mp4
7	206	Madonna + Thompson Twins + Nile Rodgers	Love Makes the World Go Round (w/Thompson Twins and Nile Rodgers)	Philadelphia	09:52:09.000	09:57:26.000	Live Aid (1985) - S01E07 - BBC Simulcast.mp4
7	207	Freddie Mercury + Brian May	Introduction by John Hurt	London	10:00:00.000	10:00:35.000	Live Aid (1985) - S01E07 - BBC Simulcast.mp4
7	208	Freddie Mercury + Brian May	Is This the World We Created...?	London	10:00:35.000	10:03:32.000	Live Aid (1985) - S01E07 - BBC Simulcast.mp4
7	209	Paul McCartney + David Bowie + Bob Geldof + Alison Moyet + Pete Townshend	Let It Be	London	10:03:00.000	10:07:52.000	Live Aid (1985) - S01E07 - BBC Simulcast.mp4
7	210	Band Aid	Intermission	London	10:09:00.000	10:09:57.000	Live Aid (1985) - S01E07 - BBC Simulcast.mp4
7	211	Band Aid	Do They Know It's Christmas?	London	10:09:57.000	10:13:38.000	Live Aid (1985) - S01E07 - BBC Simulcast.mp4
7	212	Tom Petty and the Heartbreakers	Introduction by Bill Graham of Don Johnson	Philadelphia	10:14:00.000	10:14:10.000	Live Aid (1985) - S01E07 - BBC Simulcast.mp4
7	213	Tom Petty and the Heartbreakers	Introduction by Don Johnson	Philadelphia	10:14:10.000	10:14:20.000	Live Aid (1985) - S01E07 - BBC Simulcast.mp4
7	214	Tom Petty and the Heartbreakers	American Girl	Philadelphia	10:14:20.000	10:18:27.000	Live Aid (1985) - S01E07 - BBC Simulcast.mp4
7	215	Tom Petty and the Heartbreakers	The Waiting	Philadelphia	10:18:27.000	10:23:13.000	Live Aid (1985) - S01E07 - BBC Simulcast.mp4
7	216	Tom Petty and the Heartbreakers	Rebels	Philadelphia	10:23:13.000	10:28:55.000	Live Aid (1985) - S01E07 - BBC Simulcast.mp4
7	217	Tom Petty and the Heartbreakers	Refugee	Philadelphia	10:28:55.000	10:32:39.000	Live Aid (1985) - S01E07 - BBC Simulcast.mp4
7	218	Kenny Loggins	Introduction by Chevy Chase	Philadelphia	10:42:00.000	10:42:20.000	Live Aid (1985) - S01E07 - BBC Simulcast.mp4
7	219	Kenny Loggins	Footloose	Philadelphia	10:42:20.000	10:46:34.000	Live Aid (1985) - S01E07 - BBC Simulcast.mp4
7	220	The Cars	You Might Think	Philadelphia	10:51:00.000	10:54:02.000	Live Aid (1985) - S01E07 - BBC Simulcast.mp4
7	221	The Cars	Drive	Philadelphia	10:54:02.000	10:58:06.000	Live Aid (1985) - S01E07 - BBC Simulcast.mp4
7	222	The Cars	Just What I Needed	Philadelphia	10:58:06.000	11:01:32.000	Live Aid (1985) - S01E07 - BBC Simulcast.mp4
7	223	The Cars	Heartbeat City	Philadelphia	11:01:32.000	11:06:43.000	Live Aid (1985) - S01E07 - BBC Simulcast.mp4
7	224	Neil Young	Introduction by Joe Piscopo	Philadelphia	11:18:00.000	11:18:10.000	Live Aid (1985) - S01E07 - BBC Simulcast.mp4
7	225	Neil Young	Sugar Mountain	Philadelphia	11:18:10.000	11:22:55.000	Live Aid (1985) - S01E07 - BBC Simulcast.mp4
7	226	Neil Young	The Needle and the Damage Done	Philadelphia	11:22:55.000	11:25:26.000	Live Aid (1985) - S01E07 - BBC Simulcast.mp4
7	227	Neil Young	Helpless	Philadelphia	11:25:26.000	11:29:48.000	Live Aid (1985) - S01E07 - BBC Simulcast.mp4
7	228	Neil Young	Nothing Is Perfect (In God's Perfect Plan)	Philadelphia	11:29:48.000	11:34:32.000	Live Aid (1985) - S01E07 - BBC Simulcast.mp4
7	229	Neil Young	Powderfinger	Philadelphia	11:34:32.000	11:39:21.000	Live Aid (1985) - S01E07 - BBC Simulcast.mp4
7	230	The Power Station	Introduction by Don Johnson	Philadelphia	11:54:00.000	11:54:17.000	Live Aid (1985) - S01E07 - BBC Simulcast.mp4
7	231	The Power Station	Murderess	Philadelphia	11:54:17.000	11:58:37.000	Live Aid (1985) - S01E07 - BBC Simulcast.mp4
7	232	The Power Station	Get It On	Philadelphia	11:58:37.000	12:04:37.000	Live Aid (1985) - S01E07 - BBC Simulcast.mp4
7	233	Thompson Twins	Introduction by Bette Midler	Philadelphia	12:33:00.000	12:33:53.000	Live Aid (1985) - S01E07 - BBC Simulcast.mp4
7	234	Thompson Twins	Hold Me Now	Philadelphia	12:36:53.000	12:44:52.000	Live Aid (1985) - S01E07 - BBC Simulcast.mp4
7	235	Thompson Twins + Madonna + Steve Stevens + Nile Rodgers	Revolution	Philadelphia	12:44:52.000	12:49:39.000	Live Aid (1985) - S01E07 - BBC Simulcast.mp4
7	236	Eric Clapton	Introduction by Bill Graham	Philadelphia	12:53:00.000	12:53:10.000	Live Aid (1985) - S01E07 - BBC Simulcast.mp4
7	237	Eric Clapton	White Room	Philadelphia	12:53:10.000	12:58:23.000	Live Aid (1985) - S01E07 - BBC Simulcast.mp4
7	238	Eric Clapton	She's Waiting	Philadelphia	12:58:23.000	13:03:07.000	Live Aid (1985) - S01E07 - BBC Simulcast.mp4
7	239	Eric Clapton	Layla	Philadelphia	13:03:07.000	13:09:51.000	Live Aid (1985) - S01E07 - BBC Simulcast.mp4
7	240	Phil Collins	Introduction by Jack Nicholson and Bette Midler	Philadelphia	13:15:00.000	13:16:02.000	Live Aid (1985) - S01E07 - BBC Simulcast.mp4
7	241	Phil Collins	Against All Odds (Take a Look at Me Now)	Philadelphia	13:16:02.000	13:19:47.000	Live Aid (1985) - S01E07 - BBC Simulcast.mp4
7	242	Phil Collins	In the Air Tonight	Philadelphia	13:19:47.000	13:24:23.000	Live Aid (1985) - S01E07 - BBC Simulcast.mp4
7	243	Led Zeppelin	Introduction by Phil Collins	Philadelphia	13:25:00.000	13:26:36.000	Live Aid (1985) - S01E07 - BBC Simulcast.mp4
7	244	Led Zeppelin	Rock and Roll	Philadelphia	13:26:36.000	13:31:19.000	Live Aid (1985) - S01E07 - BBC Simulcast.mp4
7	245	Led Zeppelin	Whole Lotta Love	Philadelphia	13:31:19.000	13:36:39.000	Live Aid (1985) - S01E07 - BBC Simulcast.mp4
7	246	Led Zeppelin	Stairway to Heaven	Philadelphia	13:36:39.000	13:45:58.000	Live Aid (1985) - S01E07 - BBC Simulcast.mp4
7	247	Crosby, Stills, Nash & Young	Only Love Can Break Your Heart	Philadelphia	13:54:00.000	13:57:33.000	Live Aid (1985) - S01E07 - BBC Simulcast.mp4
7	248	Crosby, Stills, Nash & Young	Tuning	Philadelphia	13:57:33.000	13:58:17.000	Live Aid (1985) - S01E07 - BBC Simulcast.mp4
7	249	Crosby, Stills, Nash & Young	Daylight Again	Philadelphia	13:58:17.000	14:00:42.000	Live Aid (1985) - S01E07 - BBC Simulcast.mp4
7	250	Duran Duran	Introduction by Chevy Chase	Philadelphia	14:01:00.000	14:01:15.000	Live Aid (1985) - S01E07 - BBC Simulcast.mp4
7	251	Duran Duran	A View to a Kill	Philadelphia	14:01:15.000	14:05:22.000	Live Aid (1985) - S01E07 - BBC Simulcast.mp4
7	252	Duran Duran	Union of the Snake	Philadelphia	14:05:22.000	14:10:03.000	Live Aid (1985) - S01E07 - BBC Simulcast.mp4
7	253	Duran Duran	Save a Prayer	Philadelphia	14:10:03.000	14:16:47.000	Live Aid (1985) - S01E07 - BBC Simulcast.mp4
7	254	Duran Duran	The Reflex	Philadelphia	14:16:47.000	14:22:48.000	Live Aid (1985) - S01E07 - BBC Simulcast.mp4
7	255	Cliff Richard	Introduction by Andy Kershaw	Video - BBC Chat Room	14:26:00.000	14:26:01.000	Live Aid (1985) - S01E07 - BBC Simulcast.mp4
7	256	Cliff Richard	A World of Difference	Video - BBC Chat Room	14:26:10.000	14:28:56.000	Live Aid (1985) - S01E07 - BBC Simulcast.mp4
7	257	Patti LaBelle	Introduction by Bette Midler	Philadelphia	14:35:00.000	14:35:32.000	Live Aid (1985) - S01E07 - BBC Simulcast.mp4
7	258	Patti LaBelle	New Attitude	Philadelphia	14:35:32.000	14:38:23.000	Live Aid (1985) - S01E07 - BBC Simulcast.mp4
7	259	Patti LaBelle	Imagine	Philadelphia	14:38:23.000	14:43:07.000	Live Aid (1985) - S01E07 - BBC Simulcast.mp4
7	260	Patti LaBelle	Forever Young	Philadelphia	14:43:07.000	14:49:01.000	Live Aid (1985) - S01E07 - BBC Simulcast.mp4
7	261	Patti LaBelle	Stir It Up	Philadelphia	14:49:01.000	14:51:21.000	Live Aid (1985) - S01E07 - BBC Simulcast.mp4
7	262	Patti LaBelle	Over the Rainbow	Philadelphia	14:51:21.000	14:54:04.000	Live Aid (1985) - S01E07 - BBC Simulcast.mp4
7	263	Patti LaBelle	Why Can't I Get It Over	Philadelphia	14:54:04.000	14:56:48.000	Live Aid (1985) - S01E07 - BBC Simulcast.mp4
7	264	Hall & Oates	Introduction by Bill Graham of Dionne Warwick	Philadelphia	15:05:00.000	15:05:10.000	Live Aid (1985) - S01E07 - BBC Simulcast.mp4
7	265	Hall & Oates	Introduction by Dionne Warwick	Philadelphia	15:05:10.000	15:05:43.000	Live Aid (1985) - S01E07 - BBC Simulcast.mp4
7	266	Hall & Oates	Out of Touch	Philadelphia	15:05:43.000	15:10:10.000	Live Aid (1985) - S01E07 - BBC Simulcast.mp4
7	267	Hall & Oates	Maneater	Philadelphia	15:10:10.000	15:15:37.000	Live Aid (1985) - S01E07 - BBC Simulcast.mp4
7	268	Hall & Oates + Eddie Kendricks	Get Ready	Philadelphia	15:15:37.000	15:18:11.000	Live Aid (1985) - S01E07 - BBC Simulcast.mp4
7	269	Hall & Oates + David Ruffin	Ain't Too Proud to Beg	Philadelphia	15:18:11.000	15:21:00.000	Live Aid (1985) - S01E07 - BBC Simulcast.mp4
7	270	Hall & Oates	The Way You Do the Things You Do	Philadelphia	15:21:00.000	15:23:41.000	Live Aid (1985) - S01E07 - BBC Simulcast.mp4
7	271	Hall & Oates + Eddie Kendricks + David Ruffin	My Girl	Philadelphia	15:23:41.000	15:27:22.000	Live Aid (1985) - S01E07 - BBC Simulcast.mp4
7	272	Mick Jagger	Introduction by Bette Midler	Philadelphia	15:30:00.000	15:30:29.000	Live Aid (1985) - S01E07 - BBC Simulcast.mp4
7	273	Mick Jagger	Lonely at the Top	Philadelphia	15:30:29.000	15:33:54.000	Live Aid (1985) - S01E07 - BBC Simulcast.mp4
7	274	Mick Jagger	Just Another Night	Philadelphia	15:33:54.000	15:39:21.000	Live Aid (1985) - S01E07 - BBC Simulcast.mp4
7	275	Mick Jagger	Miss You	Philadelphia	15:39:21.000	15:44:31.000	Live Aid (1985) - S01E07 - BBC Simulcast.mp4
7	276	Mick Jagger + Tina Turner	State of Shock	Philadelphia	15:44:31.000	15:47:05.000	Live Aid (1985) - S01E07 - BBC Simulcast.mp4
7	277	Mick Jagger + Tina Turner	It's Only Rock 'n Roll (But I Like It) (Reprise)	Philadelphia	15:47:05.000	15:50:00.000	Live Aid (1985) - S01E07 - BBC Simulcast.mp4
7	278	Bob Dylan + Keith Richards + Ronnie Wood	Introduction by Bill Graham of Jack Nicholson	Philadelphia	15:54:00.000	15:54:20.000	Live Aid (1985) - S01E07 - BBC Simulcast.mp4
7	279	Bob Dylan + Keith Richards + Ronnie Wood	Introduction by Jack Nicholson	Philadelphia	15:54:20.000	15:55:09.000	Live Aid (1985) - S01E07 - BBC Simulcast.mp4
7	280	Bob Dylan + Keith Richards + Ronnie Wood	Ballad of Hollis Brown	Philadelphia	15:55:09.000	15:59:43.000	Live Aid (1985) - S01E07 - BBC Simulcast.mp4
7	281	Bob Dylan + Keith Richards + Ronnie Wood	When the Ship Comes In	Philadelphia	15:59:43.000	16:03:19.000	Live Aid (1985) - S01E07 - BBC Simulcast.mp4
7	282	Bob Dylan + Keith Richards + Ronnie Wood	Blowin' in the Wind	Philadelphia	16:03:19.000	16:07:55.000	Live Aid (1985) - S01E07 - BBC Simulcast.mp4
7	283	USA for Africa	We Are the World	Philadelphia	16:10:00.000	16:18:57.000	Live Aid (1985) - S01E07 - BBC Simulcast.mp4
7	284	BBC	Closing Segments	Philadelphia	16:18:57.000	16:24:31.000	Live Aid (1985) - S01E07 - BBC Simulcast.mp4
							
8	1	MTV	Opening Segments	London	00:00:00.000	00:04:21.000	Live Aid (1985) - S01E08 - MTV Simulcast.mp4
8	2	Coldstream Guards	Introduced by Richard Skinner - Royal Salute [Arrival of Prince and Princess of Wales]	London	00:04:21.000	00:04:46.000	Live Aid (1985) - S01E08 - MTV Simulcast.mp4
8	3	Coldstream Guards	God Save the Queen [Note: First six bars only, Introduced by Tommy Vance]	London	00:04:46.000	00:05:46.000	Live Aid (1985) - S01E08 - MTV Simulcast.mp4
8	4	Status Quo	Introduction by Tommy Vance	London	00:05:46.000	00:06:08.000	Live Aid (1985) - S01E08 - MTV Simulcast.mp4
8	5	Status Quo	Rockin' All Over the World	London	00:06:08.000	00:10:02.000	Live Aid (1985) - S01E08 - MTV Simulcast.mp4
8	6	Status Quo	Caroline	London	00:10:02.000	00:14:36.000	Live Aid (1985) - S01E08 - MTV Simulcast.mp4
8	7	Status Quo	Don't Waste My Time	London	00:14:36.000	00:19:10.000	Live Aid (1985) - S01E08 - MTV Simulcast.mp4
8	8	The Style Council	Introduction by Tommy Vance	London	00:23:21.000	00:23:46.000	Live Aid (1985) - S01E08 - MTV Simulcast.mp4
8	9	The Style Council	You're the Best Thing	London	00:23:46.000	00:28:46.000	Live Aid (1985) - S01E08 - MTV Simulcast.mp4
8	10	The Style Council	Big Boss Groove	London	00:28:46.000	00:32:41.000	Live Aid (1985) - S01E08 - MTV Simulcast.mp4
8	11	The Style Council	Internationalists	London	00:32:41.000	00:35:31.000	Live Aid (1985) - S01E08 - MTV Simulcast.mp4
8	12	The Style Council	Walls Come Tumbling Down!	London	00:35:31.000	00:39:07.000	Live Aid (1985) - S01E08 - MTV Simulcast.mp4
8	13	The Boomtown Rats	Introduction by Tommy Vance	London	00:48:21.000	00:48:42.000	Live Aid (1985) - S01E08 - MTV Simulcast.mp4
8	14	The Boomtown Rats	I Don't Like Mondays	London	00:48:42.000	00:53:59.000	Live Aid (1985) - S01E08 - MTV Simulcast.mp4
8	15	The Boomtown Rats	Drag Me Down	London	00:53:59.000	00:58:02.000	Live Aid (1985) - S01E08 - MTV Simulcast.mp4
8	16	The Boomtown Rats	Rat Trap	London	00:58:02.000	01:03:39.000	Live Aid (1985) - S01E08 - MTV Simulcast.mp4
8	17	Adam Ant	Introduction by Harvey Goldsmith	London	01:05:21.000	01:06:16.000	Live Aid (1985) - S01E08 - MTV Simulcast.mp4
8	18	Adam Ant	Vive Le Rock	London	01:06:16.000	01:09:42.000	Live Aid (1985) - S01E08 - MTV Simulcast.mp4
8	19	Oz for Africa	Introduction by Ian Meldrum	Video - Australia	01:10:21.000	01:11:21.000	Live Aid (1985) - S01E08 - MTV Simulcast.mp4
8	20	Oz for Africa	Music	Video - Australia	01:11:21.000	01:22:21.000	Live Aid (1985) - S01E08 - MTV Simulcast.mp4
8	21	Ultravox	Reap the Wild Wind	London	01:21:21.000	01:24:19.000	Live Aid (1985) - S01E08 - MTV Simulcast.mp4
8	22	Ultravox	Dancing with Tears in My Eyes	London	01:24:19.000	01:29:28.000	Live Aid (1985) - S01E08 - MTV Simulcast.mp4
8	23	Ultravox	One Small Day	London	01:29:28.000	01:33:17.000	Live Aid (1985) - S01E08 - MTV Simulcast.mp4
8	24	Ultravox	Vienna	London	01:33:17.000	01:38:03.000	Live Aid (1985) - S01E08 - MTV Simulcast.mp4
8	25	Loudness	Gotta Fight	Video - Japan	01:38:21.000	01:40:17.000	Live Aid (1985) - S01E08 - MTV Simulcast.mp4
8	26	Off Cause	Endless Night	Video - Japan	01:40:17.000	01:42:15.000	Live Aid (1985) - S01E08 - MTV Simulcast.mp4
8	27	Eikichi Yazawa	Take It Time	Video - Japan	01:42:15.000	01:44:06.000	Live Aid (1985) - S01E08 - MTV Simulcast.mp4
8	28	Motoharu San	Shame	Video - Japan	01:44:06.000	01:47:13.000	Live Aid (1985) - S01E08 - MTV Simulcast.mp4
8	29	Spandau Ballet	Introduction by Andy Peebles	London	01:50:21.000	01:50:53.000	Live Aid (1985) - S01E08 - MTV Simulcast.mp4
8	30	Spandau Ballet	Only When You Leave	London	01:50:53.000	01:56:15.000	Live Aid (1985) - S01E08 - MTV Simulcast.mp4
8	31	Bernard Watson	All I Really Want to Do	Philadelphia	01:55:21.000	02:00:21.000	Live Aid (1985) - S01E08 - MTV Simulcast.mp4
8	32	Spandau Ballet	Virgin	London	01:56:15.000	02:00:55.000	Live Aid (1985) - S01E08 - MTV Simulcast.mp4
8	33	Bernard Watson	Interview	Philadelphia	02:00:21.000	02:04:24.000	Live Aid (1985) - S01E08 - MTV Simulcast.mp4
8	34	Spandau Ballet	True	London	02:00:55.000	02:06:48.000	Live Aid (1985) - S01E08 - MTV Simulcast.mp4
8	35	Joan Baez	Introduction by Bill Graham of Jack Nicholson	Philadelphia	02:05:21.000	02:06:07.000	Live Aid (1985) - S01E08 - MTV Simulcast.mp4
8	36	Joan Baez	Introduction by Jack Nicholson	Philadelphia	02:06:07.000	02:07:26.000	Live Aid (1985) - S01E08 - MTV Simulcast.mp4
8	37	Joan Baez	Speech	Philadelphia	02:07:26.000	02:08:41.000	Live Aid (1985) - S01E08 - MTV Simulcast.mp4
8	38	Joan Baez	Amazing Grace	Philadelphia	02:08:41.000	02:10:36.000	Live Aid (1985) - S01E08 - MTV Simulcast.mp4
8	39	Joan Baez	We Are the World	Philadelphia	02:10:36.000	02:13:10.000	Live Aid (1985) - S01E08 - MTV Simulcast.mp4
8	40	Elvis Costello	Introduction by Andy Peebles	London	02:11:21.000	02:11:45.000	Live Aid (1985) - S01E08 - MTV Simulcast.mp4
8	41	Elvis Costello	All You Need Is Love	London	02:11:45.000	02:15:27.000	Live Aid (1985) - S01E08 - MTV Simulcast.mp4
8	42	The Hooters	Introduction by Bill Graham of Chevy Chase and Joe Piscopo	Philadelphia	02:14:21.000	02:15:51.000	Live Aid (1985) - S01E08 - MTV Simulcast.mp4
8	43	The Hooters	Introduction by Chevy Chase and Joe Piscopo	Philadelphia	02:15:51.000	02:17:21.000	Live Aid (1985) - S01E08 - MTV Simulcast.mp4
8	44	Austria for Afrika	Introduction	Video - Austria	02:16:21.000	02:17:13.000	Live Aid (1985) - S01E08 - MTV Simulcast.mp4
8	45	Austria for Afrika	Warum	Video - Austria	02:17:13.000	02:21:44.000	Live Aid (1985) - S01E08 - MTV Simulcast.mp4
8	46	The Hooters	And We Danced	Philadelphia	02:17:21.000	02:21:58.000	Live Aid (1985) - S01E08 - MTV Simulcast.mp4
8	47	The Hooters	All You Zombies	Philadelphia	02:21:58.000	02:27:42.000	Live Aid (1985) - S01E08 - MTV Simulcast.mp4
8	48	Nik Kershaw	Introduction by Tommy Vance	London	02:26:21.000	02:27:00.000	Live Aid (1985) - S01E08 - MTV Simulcast.mp4
8	49	Nik Kershaw	Wide Boy	London	02:27:00.000	02:30:25.000	Live Aid (1985) - S01E08 - MTV Simulcast.mp4
8	50	Nik Kershaw	Don Quixote	London	02:30:25.000	02:35:13.000	Live Aid (1985) - S01E08 - MTV Simulcast.mp4
8	51	Nik Kershaw	The Riddle	London	02:35:13.000	02:39:26.000	Live Aid (1985) - S01E08 - MTV Simulcast.mp4
8	52	Four Tops	Introduction by Chevy Chase	Philadelphia	02:36:21.000	02:36:41.000	Live Aid (1985) - S01E08 - MTV Simulcast.mp4
8	53	Four Tops	Shake Me, Wake Me (When It's Over)	Philadelphia	02:36:41.000	02:39:23.000	Live Aid (1985) - S01E08 - MTV Simulcast.mp4
8	54	Four Tops	Bernadette	Philadelphia	02:39:23.000	02:41:06.000	Live Aid (1985) - S01E08 - MTV Simulcast.mp4
8	55	Nik Kershaw	Wouldn't It Be Good	London	02:39:26.000	02:44:38.000	Live Aid (1985) - S01E08 - MTV Simulcast.mp4
8	56	Four Tops	It's the Same Old Song	Philadelphia	02:41:06.000	02:42:26.000	Live Aid (1985) - S01E08 - MTV Simulcast.mp4
8	57	Four Tops	Reach Out I'll Be There	Philadelphia	02:42:26.000	02:44:02.000	Live Aid (1985) - S01E08 - MTV Simulcast.mp4
8	58	Four Tops	I Can't Help Myself (Sugar Pie, Honey Bunch)	Philadelphia	02:44:02.000	02:46:30.000	Live Aid (1985) - S01E08 - MTV Simulcast.mp4
8	59	B.B. King	Introduction [JVC North Sea Jazz Festival]	Video - Netherlands	02:44:21.000	02:45:01.000	Live Aid (1985) - S01E08 - MTV Simulcast.mp4
8	60	B.B. King	When It All Comes Down [JVC North Sea Jazz Festival]	Video - Netherlands	02:45:01.000	02:45:29.000	Live Aid (1985) - S01E08 - MTV Simulcast.mp4
8	61	B.B. King	Why I Sing the Blues [JVC North Sea Jazz Festival]	Video - Netherlands	02:45:29.000	02:48:50.000	Live Aid (1985) - S01E08 - MTV Simulcast.mp4
8	62	B.B. King	Don't Answer the Door [JVC North Sea Jazz Festival]	Video - Netherlands	02:48:50.000	02:51:48.000	Live Aid (1985) - S01E08 - MTV Simulcast.mp4
8	63	Billy Ocean	Introduction by Chevy Chase	Philadelphia	02:49:21.000	02:49:41.000	Live Aid (1985) - S01E08 - MTV Simulcast.mp4
8	64	Billy Ocean	Caribbean Queen	Philadelphia	02:49:41.000	02:53:49.000	Live Aid (1985) - S01E08 - MTV Simulcast.mp4
8	65	B.B. King	Rock Me Baby [JVC North Sea Jazz Festival]	Video - Netherlands	02:51:48.000	02:53:54.000	Live Aid (1985) - S01E08 - MTV Simulcast.mp4
8	66	Billy Ocean	Loverboy	Philadelphia	02:53:49.000	02:57:27.000	Live Aid (1985) - S01E08 - MTV Simulcast.mp4
8	67	Sade	Introduction	London	02:57:21.000	02:57:34.000	Live Aid (1985) - S01E08 - MTV Simulcast.mp4
8	68	Sade	Why Can't We Live Together	London	02:57:34.000	03:03:09.000	Live Aid (1985) - S01E08 - MTV Simulcast.mp4
8	69	Black Sabbath	Introduction by Chevy Chase	Philadelphia	02:59:21.000	02:59:41.000	Live Aid (1985) - S01E08 - MTV Simulcast.mp4
8	70	Black Sabbath	Children of the Grave	Philadelphia	02:59:41.000	03:03:59.000	Live Aid (1985) - S01E08 - MTV Simulcast.mp4
8	71	Sade	Your Love Is King	London	03:03:09.000	03:07:43.000	Live Aid (1985) - S01E08 - MTV Simulcast.mp4
8	72	Black Sabbath	Iron Man	Philadelphia	03:03:59.000	03:11:43.000	Live Aid (1985) - S01E08 - MTV Simulcast.mp4
8	73	Sade	Is It a Crime?	London	03:07:43.000	03:13:53.000	Live Aid (1985) - S01E08 - MTV Simulcast.mp4
8	74	Black Sabbath	Paranoid	Philadelphia	03:11:43.000	03:15:01.000	Live Aid (1985) - S01E08 - MTV Simulcast.mp4
8	75	Yu Rock Mission	Introduction by Mladen Popovic	Video - Yugoslavia	03:14:21.000	03:14:51.000	Live Aid (1985) - S01E08 - MTV Simulcast.mp4
8	76	Yu Rock Mission	For a Million Years	Video - Yugoslavia	03:14:51.000	03:19:33.000	Live Aid (1985) - S01E08 - MTV Simulcast.mp4
8	77	Run–D.M.C.	Introduction by Joe Piscopo	Philadelphia	03:16:21.000	03:16:41.000	Live Aid (1985) - S01E08 - MTV Simulcast.mp4
8	78	Run–D.M.C.	Jam Master Jay	Philadelphia	03:16:41.000	03:19:41.000	Live Aid (1985) - S01E08 - MTV Simulcast.mp4
8	79	Run–D.M.C.	King of Rock	Philadelphia	03:19:41.000	03:24:05.000	Live Aid (1985) - S01E08 - MTV Simulcast.mp4
8	80	Sting	Introduction by Noel Edmonds	London	03:22:21.000	03:24:47.000	Live Aid (1985) - S01E08 - MTV Simulcast.mp4
8	81	Sting	Roxanne	London	03:24:47.000	03:28:25.000	Live Aid (1985) - S01E08 - MTV Simulcast.mp4
8	82	Sting	Driven to Tears	London	03:28:25.000	03:31:42.000	Live Aid (1985) - S01E08 - MTV Simulcast.mp4
8	83	Rick Springfield	Introduction by Joe Piscopo	Philadelphia	03:31:21.000	03:31:41.000	Live Aid (1985) - S01E08 - MTV Simulcast.mp4
8	84	Rick Springfield	Love Somebody	Philadelphia	03:31:41.000	03:35:18.000	Live Aid (1985) - S01E08 - MTV Simulcast.mp4
8	85	Phil Collins	Against All Odds	London	03:31:42.000	03:35:07.000	Live Aid (1985) - S01E08 - MTV Simulcast.mp4
8	86	Sting	Message in a Bottle	London	03:35:07.000	03:39:39.000	Live Aid (1985) - S01E08 - MTV Simulcast.mp4
8	87	Rick Springfield	State of the Heart	Philadelphia	03:35:18.000	03:39:22.000	Live Aid (1985) - S01E08 - MTV Simulcast.mp4
8	88	Rick Springfield	Human Touch	Philadelphia	03:39:22.000	03:41:45.000	Live Aid (1985) - S01E08 - MTV Simulcast.mp4
8	89	Phil Collins	In the Air Tonight	London	03:39:39.000	03:44:24.000	Live Aid (1985) - S01E08 - MTV Simulcast.mp4
8	90	Sting + Phil Collins + Branford Marsalis	Long Long Way to Go	London	03:44:24.000	03:47:54.000	Live Aid (1985) - S01E08 - MTV Simulcast.mp4
8	91	Sting + Phil Collins + Branford Marsalis	Every Breath You Take	London	03:47:54.000	03:51:06.000	Live Aid (1985) - S01E08 - MTV Simulcast.mp4
8	92	REO Speedwagon	Introduction by Chevy Chase	Philadelphia	03:51:21.000	03:51:41.000	Live Aid (1985) - S01E08 - MTV Simulcast.mp4
8	93	REO Speedwagon	Can't Fight This Feeling	Philadelphia	03:51:41.000	03:57:06.000	Live Aid (1985) - S01E08 - MTV Simulcast.mp4
8	94	Howard Jones	Introduction by Andy Peebles	London	03:53:21.000	03:54:09.000	Live Aid (1985) - S01E08 - MTV Simulcast.mp4
8	95	Howard Jones	Hide and Seek	London	03:54:09.000	03:58:05.000	Live Aid (1985) - S01E08 - MTV Simulcast.mp4
8	96	REO Speedwagon + Beach Boys	Roll with the Changes	Philadelphia	03:57:06.000	04:01:47.000	Live Aid (1985) - S01E08 - MTV Simulcast.mp4
8	97	Автограф	Introduction by Vladimir Posner	Video - USSR	03:59:21.000	04:00:19.000	Live Aid (1985) - S01E08 - MTV Simulcast.mp4
8	98	Автограф	Головокружение	Video - USSR	04:00:19.000	04:05:38.000	Live Aid (1985) - S01E08 - MTV Simulcast.mp4
8	99	Автограф	Speech by Vladimir Posner	Video - USSR	04:05:38.000	04:06:16.000	Live Aid (1985) - S01E08 - MTV Simulcast.mp4
8	100	Автограф	Нам Нужен Мир	Video - USSR	04:06:16.000	04:10:17.000	Live Aid (1985) - S01E08 - MTV Simulcast.mp4
8	101	Bryan Ferry + David Gilmour	Introduction by Andy Peebles	London	04:12:21.000	04:12:41.000	Live Aid (1985) - S01E08 - MTV Simulcast.mp4
8	102	Bryan Ferry + David Gilmour	Sensation	London	04:12:41.000	04:17:12.000	Live Aid (1985) - S01E08 - MTV Simulcast.mp4
8	103	Crosby, Stills and Nash	Southern Cross	Philadelphia	04:16:21.000	04:21:18.000	Live Aid (1985) - S01E08 - MTV Simulcast.mp4
8	104	Bryan Ferry + David Gilmour	Boys and Girls	London	04:17:12.000	04:21:43.000	Live Aid (1985) - S01E08 - MTV Simulcast.mp4
8	105	Crosby, Stills and Nash	Teach Your Children	Philadelphia	04:21:18.000	04:24:31.000	Live Aid (1985) - S01E08 - MTV Simulcast.mp4
8	106	Bryan Ferry + David Gilmour	Slave to Love	London	04:21:43.000	04:25:26.000	Live Aid (1985) - S01E08 - MTV Simulcast.mp4
8	107	Crosby, Stills and Nash	Suite: Judy Blue Eyes	Philadelphia	04:24:31.000	04:32:36.000	Live Aid (1985) - S01E08 - MTV Simulcast.mp4
8	108	Bryan Ferry + David Gilmour	Jealous Guy	London	04:25:26.000	04:30:15.000	Live Aid (1985) - S01E08 - MTV Simulcast.mp4
8	109	Band Für Afrika	Introduction by Evelyn Selbert and Ken Janz	Video - Germany	04:31:21.000	04:31:41.000	Live Aid (1985) - S01E08 - MTV Simulcast.mp4
8	110	Band Für Afrika	Speech by Udo Lindenberg	Video - Germany	04:31:41.000	04:35:54.000	Live Aid (1985) - S01E08 - MTV Simulcast.mp4
8	111	Judas Priest	Introduction by Chevy Chase	Philadelphia	04:33:21.000	04:33:41.000	Live Aid (1985) - S01E08 - MTV Simulcast.mp4
8	112	Judas Priest	Living After Midnight	Philadelphia	04:33:41.000	04:37:42.000	Live Aid (1985) - S01E08 - MTV Simulcast.mp4
8	113	Band Für Afrika	Nackt im Wind	Video - Germany	04:35:54.000	04:39:57.000	Live Aid (1985) - S01E08 - MTV Simulcast.mp4
8	114	Judas Priest	The Green Manalishi (With the Two-Pronged Crown)	Philadelphia	04:37:42.000	04:41:24.000	Live Aid (1985) - S01E08 - MTV Simulcast.mp4
8	115	Band Für Afrika	Ein Jahr (Es Geht Voran)	Video - Germany	04:39:57.000	04:42:26.000	Live Aid (1985) - S01E08 - MTV Simulcast.mp4
8	116	Judas Priest	You've Got Another Thing Comin'	Philadelphia	04:41:24.000	04:48:40.000	Live Aid (1985) - S01E08 - MTV Simulcast.mp4
8	117	Paul Young	Introduction by Andy Peebles	London	04:44:21.000	04:45:22.000	Live Aid (1985) - S01E08 - MTV Simulcast.mp4
8	118	Paul Young	Do They Know It's Christmas? [Note: Intro Only]	London	04:45:22.000	04:46:15.000	Live Aid (1985) - S01E08 - MTV Simulcast.mp4
8	119	Paul Young	Come Back and Stay	London	04:46:15.000	04:53:25.000	Live Aid (1985) - S01E08 - MTV Simulcast.mp4
8	120	Paul Young + Alison Moyet	That's the Way Love Is	London	04:53:25.000	04:58:16.000	Live Aid (1985) - S01E08 - MTV Simulcast.mp4
8	121	Paul Young	Everytime You Go Away	London	04:58:16.000	05:05:08.000	Live Aid (1985) - S01E08 - MTV Simulcast.mp4
8	122	Bryan Adams	Introduction by Jack Nicholson	Philadelphia	05:05:21.000	05:05:41.000	Live Aid (1985) - S01E08 - MTV Simulcast.mp4
8	123	Bryan Adams	Kids Wanna Rock	Philadelphia	05:05:41.000	05:08:40.000	Live Aid (1985) - S01E08 - MTV Simulcast.mp4
8	124	Bryan Adams	Summer of '69	Philadelphia	05:08:40.000	05:13:06.000	Live Aid (1985) - S01E08 - MTV Simulcast.mp4
8	125	Bryan Adams	Tears Are Not Enough	Philadelphia	05:13:06.000	05:17:18.000	Live Aid (1985) - S01E08 - MTV Simulcast.mp4
8	126	Bryan Adams	Cuts Like a Knife	Philadelphia	05:17:18.000	05:22:52.000	Live Aid (1985) - S01E08 - MTV Simulcast.mp4
8	127	U2	Introduction by Jack Nicholson	Philadelphia	05:23:21.000	05:23:50.000	Live Aid (1985) - S01E08 - MTV Simulcast.mp4
8	128	U2	Introduction by Tommy Vance	London	05:23:50.000	05:24:31.000	Live Aid (1985) - S01E08 - MTV Simulcast.mp4
8	129	U2	Sunday Bloody Sunday	London	05:24:31.000	05:29:51.000	Live Aid (1985) - S01E08 - MTV Simulcast.mp4
8	130	U2	Bad [Note: Included Satellite of Love - Lou Reed; Ruby Tuesday - Rolling Stones; Sympathy for the Devil - Rolling Stones; Walk on the Wild Side - Lou Reed]	London	05:29:51.000	05:42:18.000	Live Aid (1985) - S01E08 - MTV Simulcast.mp4
8	131	The Beach Boys	Introduction by Bill Graham of Marilyn McCoo	Philadelphia	05:43:21.000	05:43:41.000	Live Aid (1985) - S01E08 - MTV Simulcast.mp4
8	132	The Beach Boys	Introduction by Marilyn McCoo	Philadelphia	05:43:41.000	05:44:14.000	Live Aid (1985) - S01E08 - MTV Simulcast.mp4
8	133	The Beach Boys	California Girls	Philadelphia	05:44:14.000	05:46:45.000	Live Aid (1985) - S01E08 - MTV Simulcast.mp4
8	134	The Beach Boys	Help Me, Rhonda	Philadelphia	05:46:45.000	05:49:52.000	Live Aid (1985) - S01E08 - MTV Simulcast.mp4
8	135	The Beach Boys	Wouldn't It Be Nice	Philadelphia	05:49:52.000	05:52:55.000	Live Aid (1985) - S01E08 - MTV Simulcast.mp4
8	136	The Beach Boys	Good Vibrations	Philadelphia	05:52:55.000	05:57:41.000	Live Aid (1985) - S01E08 - MTV Simulcast.mp4
8	137	The Beach Boys	Surfin' U.S.A.	Philadelphia	05:57:41.000	06:00:21.000	Live Aid (1985) - S01E08 - MTV Simulcast.mp4
8	138	Dire Straits + Sting	Introduction by Bill Graham	Philadelphia	06:04:21.000	06:04:41.000	Live Aid (1985) - S01E08 - MTV Simulcast.mp4
8	139	Dire Straits + Sting	Introduction by Tommy Vance	London	06:04:41.000	06:05:14.000	Live Aid (1985) - S01E08 - MTV Simulcast.mp4
8	140	Dire Straits + Sting	Money for Nothing	London	06:05:14.000	06:12:40.000	Live Aid (1985) - S01E08 - MTV Simulcast.mp4
8	141	Dire Straits	Sultans of Swing	London	06:12:40.000	06:23:57.000	Live Aid (1985) - S01E08 - MTV Simulcast.mp4
8	142	George Thorogood + Bo Didley	Introduction by George Segal	Philadelphia	06:30:21.000	06:30:41.000	Live Aid (1985) - S01E08 - MTV Simulcast.mp4
8	143	George Thorogood + Bo Didley	Who Do You Love?	Philadelphia	06:30:41.000	06:36:15.000	Live Aid (1985) - S01E08 - MTV Simulcast.mp4
8	144	George Thorogood	Tuning	Philadelphia	06:36:15.000	06:37:14.000	Live Aid (1985) - S01E08 - MTV Simulcast.mp4
8	145	George Thorogood	The Sky Is Crying	Philadelphia	06:37:14.000	06:43:17.000	Live Aid (1985) - S01E08 - MTV Simulcast.mp4
8	146	George Thorogood + Albert Collins	Madison Blues	Philadelphia	06:43:17.000	06:48:27.000	Live Aid (1985) - S01E08 - MTV Simulcast.mp4
8	147	Griff Rhys-Jones + Mel Smith	Introduction by Andy Peebles	London	06:43:21.000	06:45:12.000	Live Aid (1985) - S01E08 - MTV Simulcast.mp4
8	148	Griff Rhys-Jones + Mel Smith	An Old Lady is Complaining About the Noise	London	06:45:12.000	06:45:32.000	Live Aid (1985) - S01E08 - MTV Simulcast.mp4
8	149	Queen	Bohemian Rhapsody [Note: First part only]	London	06:45:21.000	06:47:43.000	Live Aid (1985) - S01E08 - MTV Simulcast.mp4
8	150	Queen	Radio Ga Ga	London	06:47:43.000	06:51:43.000	Live Aid (1985) - S01E08 - MTV Simulcast.mp4
8	151	Queen	Interactive: Audience Call and Response	London	06:51:43.000	06:52:23.000	Live Aid (1985) - S01E08 - MTV Simulcast.mp4
8	152	Queen	Hammer to Fall	London	06:52:23.000	06:57:09.000	Live Aid (1985) - S01E08 - MTV Simulcast.mp4
8	153	Queen	Crazy Little Thing Called Love	London	06:57:09.000	07:00:46.000	Live Aid (1985) - S01E08 - MTV Simulcast.mp4
8	154	Queen	We Will Rock You	London	07:00:46.000	07:02:02.000	Live Aid (1985) - S01E08 - MTV Simulcast.mp4
8	155	Queen	We Are the Champions	London	07:02:02.000	07:05:43.000	Live Aid (1985) - S01E08 - MTV Simulcast.mp4
8	156	David Bowie + Mick Jagger	Introduction by Chevy Chase	Philadelphia	07:06:21.000	07:06:31.000	Live Aid (1985) - S01E08 - MTV Simulcast.mp4
8	157	David Bowie + Mick Jagger	Dancing in the Streets	Video	07:06:31.000	07:09:16.000	Live Aid (1985) - S01E08 - MTV Simulcast.mp4
8	158	Simple Minds	Introduction by Joe Piscopo	Philadelphia	07:09:21.000	07:09:45.000	Live Aid (1985) - S01E08 - MTV Simulcast.mp4
8	159	Simple Minds	Ghost Dancing	Philadelphia	07:09:45.000	07:15:35.000	Live Aid (1985) - S01E08 - MTV Simulcast.mp4
8	160	Simple Minds	Don't You (Forget About Me)	Philadelphia	07:15:35.000	07:22:31.000	Live Aid (1985) - S01E08 - MTV Simulcast.mp4
8	161	Simple Minds	Promised You a Miracle	Philadelphia	07:22:31.000	07:25:31.000	Live Aid (1985) - S01E08 - MTV Simulcast.mp4
8	162	David Bowie	Introduction by Chevy Chase	Philadelphia	07:27:21.000	07:27:37.000	Live Aid (1985) - S01E08 - MTV Simulcast.mp4
8	163	David Bowie	Introduction by Andy Peebles	London	07:27:37.000	07:27:47.000	Live Aid (1985) - S01E08 - MTV Simulcast.mp4
8	164	David Bowie	TVC 15	London	07:27:47.000	07:31:22.000	Live Aid (1985) - S01E08 - MTV Simulcast.mp4
8	165	David Bowie	Rebel Rebel	London	07:31:22.000	07:34:35.000	Live Aid (1985) - S01E08 - MTV Simulcast.mp4
8	166	David Bowie	Modern Love	London	07:34:35.000	07:38:06.000	Live Aid (1985) - S01E08 - MTV Simulcast.mp4
8	167	David Bowie	Heroes	London	07:38:06.000	07:44:47.000	Live Aid (1985) - S01E08 - MTV Simulcast.mp4
8	168	CBC	Introduction by David Bowie	London	07:44:47.000	07:45:28.000	Live Aid (1985) - S01E08 - MTV Simulcast.mp4
8	169	Pretenders	Introduction by Grace Slick	Philadelphia	07:45:21.000	07:45:41.000	Live Aid (1985) - S01E08 - MTV Simulcast.mp4
8	170	CBC	Famine Video	Video	07:45:28.000	07:49:13.000	Live Aid (1985) - S01E08 - MTV Simulcast.mp4
8	171	Pretenders	Time the Avenger	Philadelphia	07:45:41.000	07:49:16.000	Live Aid (1985) - S01E08 - MTV Simulcast.mp4
8	172	Pretenders	Message of Love	Philadelphia	07:49:16.000	07:52:31.000	Live Aid (1985) - S01E08 - MTV Simulcast.mp4
8	173	Pretenders	Stop Your Sobbing	Philadelphia	07:52:31.000	07:54:31.000	Live Aid (1985) - S01E08 - MTV Simulcast.mp4
8	174	Pretenders	Back on the Chain Gang	Philadelphia	07:54:31.000	07:58:06.000	Live Aid (1985) - S01E08 - MTV Simulcast.mp4
8	175	Pretenders	Middle of the Road	Philadelphia	07:58:06.000	08:02:08.000	Live Aid (1985) - S01E08 - MTV Simulcast.mp4
8	176	The Who	Introduction by Jack Nicholson	Philadelphia	08:03:21.000	08:04:34.000	Live Aid (1985) - S01E08 - MTV Simulcast.mp4
8	177	The Who	Introduction by Tommy Vance	London	08:04:34.000	08:06:44.000	Live Aid (1985) - S01E08 - MTV Simulcast.mp4
8	178	The Who	My Generation [Note: BBC blew a fuse. Broadcast interrupted, band kept playing]	London	08:06:44.000	08:08:24.000	Live Aid (1985) - S01E08 - MTV Simulcast.mp4
8	179	The Who	Pinball Wizard [Note: BBC blew a fuse. Broadcast interrupted, band kept playing]	London	08:08:24.000	08:11:26.000	Live Aid (1985) - S01E08 - MTV Simulcast.mp4
8	180	The Who	Love, Reign o'er Me	London	08:11:26.000	08:16:13.000	Live Aid (1985) - S01E08 - MTV Simulcast.mp4
8	181	The Who	Won't Get Fooled Again	London	08:16:13.000	08:25:38.000	Live Aid (1985) - S01E08 - MTV Simulcast.mp4
8	182	Santana	Introduction by Bill Graham	Philadelphia	08:25:21.000	08:25:30.000	Live Aid (1985) - S01E08 - MTV Simulcast.mp4
8	183	Santana	Brotherhood	Philadelphia	08:25:30.000	08:28:52.000	Live Aid (1985) - S01E08 - MTV Simulcast.mp4
8	184	Santana	Primera Invasion	Philadelphia	08:28:52.000	08:31:03.000	Live Aid (1985) - S01E08 - MTV Simulcast.mp4
8	185	Santana	Open Invitation	Philadelphia	08:31:03.000	08:36:17.000	Live Aid (1985) - S01E08 - MTV Simulcast.mp4
8	186	Phil Collins + Steve Blacknell	Concorde Interview [On BBC, played during Santana performance]	Video	08:31:21.000	08:34:27.000	Live Aid (1985) - S01E08 - MTV Simulcast.mp4
8	187	Norwegian Band Aid	All of Us	Video - Norway	08:34:27.000	08:39:13.000	Live Aid (1985) - S01E08 - MTV Simulcast.mp4
8	188	Santana + Pat Metheny	By the Pool	Philadelphia	08:36:17.000	08:40:49.000	Live Aid (1985) - S01E08 - MTV Simulcast.mp4
8	189	Santana + Pat Metheny	Right Now	Philadelphia	08:40:49.000	08:43:49.000	Live Aid (1985) - S01E08 - MTV Simulcast.mp4
8	190	Elton John	Introduction by Billy Connolly	London	08:54:21.000	08:55:28.000	Live Aid (1985) - S01E08 - MTV Simulcast.mp4
8	191	Elton John	I'm Still Standing	London	08:55:28.000	08:58:48.000	Live Aid (1985) - S01E08 - MTV Simulcast.mp4
8	192	Elton John	Bennie and the Jets	London	08:58:48.000	09:03:28.000	Live Aid (1985) - S01E08 - MTV Simulcast.mp4
8	193	Ashford & Simpson	Solid	Philadelphia	09:01:21.000	09:06:17.000	Live Aid (1985) - S01E08 - MTV Simulcast.mp4
8	194	Elton John	Rocket Man	London	09:03:28.000	09:08:12.000	Live Aid (1985) - S01E08 - MTV Simulcast.mp4
8	195	Ashford & Simpson + Teddy Pendergrass	Reach Out and Touch (Somebody's Hand)	Philadelphia	09:06:17.000	09:12:22.000	Live Aid (1985) - S01E08 - MTV Simulcast.mp4
8	196	Elton John	Presentation of the Band	London	09:08:12.000	09:08:46.000	Live Aid (1985) - S01E08 - MTV Simulcast.mp4
8	197	Elton John + Kiki Dee	Don't Go Breaking My Heart (with Kiki Dee)	London	09:08:46.000	09:13:37.000	Live Aid (1985) - S01E08 - MTV Simulcast.mp4
8	198	Elton John + Wham!	Don't Let the Sun Go Down on Me (with Wham!)	London	09:13:37.000	09:19:12.000	Live Aid (1985) - S01E08 - MTV Simulcast.mp4
8	199	Elton John	Can I Get a Witness	London	09:19:12.000	09:22:54.000	Live Aid (1985) - S01E08 - MTV Simulcast.mp4
8	200	Kool & The Gang	Stand Up and Sing	Video - Pre-recorded video	09:23:21.000	09:25:22.000	Live Aid (1985) - S01E08 - MTV Simulcast.mp4
8	201	Kool & The Gang	Cherish	Video - Pre-recorded video	09:25:22.000	09:28:33.000	Live Aid (1985) - S01E08 - MTV Simulcast.mp4
8	202	Madonna	Introduction by Bill Graham of Bette Midler	Philadelphia	09:31:21.000	09:31:31.000	Live Aid (1985) - S01E08 - MTV Simulcast.mp4
8	203	Madonna	Introduction by Bette Midler	Philadelphia	09:31:31.000	09:31:41.000	Live Aid (1985) - S01E08 - MTV Simulcast.mp4
8	204	Madonna	Holiday	Philadelphia	09:31:41.000	09:38:01.000	Live Aid (1985) - S01E08 - MTV Simulcast.mp4
8	205	Madonna	Into the Groove	Philadelphia	09:38:01.000	09:44:30.000	Live Aid (1985) - S01E08 - MTV Simulcast.mp4
8	206	Madonna + Thompson Twins + Nile Rodgers	Love Makes the World Go Round (w/Thompson Twins and Nile Rodgers)	Philadelphia	09:44:30.000	09:49:47.000	Live Aid (1985) - S01E08 - MTV Simulcast.mp4
8	207	Freddie Mercury + Brian May	Introduction by John Hurt	London	09:52:21.000	09:52:56.000	Live Aid (1985) - S01E08 - MTV Simulcast.mp4
8	208	Freddie Mercury + Brian May	Is This the World We Created...?	London	09:52:56.000	09:55:53.000	Live Aid (1985) - S01E08 - MTV Simulcast.mp4
8	209	Paul McCartney + David Bowie + Bob Geldof + Alison Moyet + Pete Townshend	Let It Be	London	09:55:21.000	10:00:13.000	Live Aid (1985) - S01E08 - MTV Simulcast.mp4
8	210	Band Aid	Intermission	London	10:01:21.000	10:02:18.000	Live Aid (1985) - S01E08 - MTV Simulcast.mp4
8	211	Band Aid	Do They Know It's Christmas?	London	10:02:18.000	10:05:59.000	Live Aid (1985) - S01E08 - MTV Simulcast.mp4
8	212	Tom Petty and the Heartbreakers	Introduction by Bill Graham of Don Johnson	Philadelphia	10:06:21.000	10:06:31.000	Live Aid (1985) - S01E08 - MTV Simulcast.mp4
8	213	Tom Petty and the Heartbreakers	Introduction by Don Johnson	Philadelphia	10:06:31.000	10:06:41.000	Live Aid (1985) - S01E08 - MTV Simulcast.mp4
8	214	Tom Petty and the Heartbreakers	American Girl	Philadelphia	10:06:41.000	10:10:48.000	Live Aid (1985) - S01E08 - MTV Simulcast.mp4
8	215	Tom Petty and the Heartbreakers	The Waiting	Philadelphia	10:10:48.000	10:15:34.000	Live Aid (1985) - S01E08 - MTV Simulcast.mp4
8	216	Tom Petty and the Heartbreakers	Rebels	Philadelphia	10:15:34.000	10:21:16.000	Live Aid (1985) - S01E08 - MTV Simulcast.mp4
8	217	Tom Petty and the Heartbreakers	Refugee	Philadelphia	10:21:16.000	10:25:00.000	Live Aid (1985) - S01E08 - MTV Simulcast.mp4
8	218	Kenny Loggins	Introduction by Chevy Chase	Philadelphia	10:34:21.000	10:34:41.000	Live Aid (1985) - S01E08 - MTV Simulcast.mp4
8	219	Kenny Loggins	Footloose	Philadelphia	10:34:41.000	10:38:55.000	Live Aid (1985) - S01E08 - MTV Simulcast.mp4
8	220	The Cars	You Might Think	Philadelphia	10:43:21.000	10:46:23.000	Live Aid (1985) - S01E08 - MTV Simulcast.mp4
8	221	The Cars	Drive	Philadelphia	10:46:23.000	10:50:27.000	Live Aid (1985) - S01E08 - MTV Simulcast.mp4
8	222	The Cars	Just What I Needed	Philadelphia	10:50:27.000	10:53:53.000	Live Aid (1985) - S01E08 - MTV Simulcast.mp4
8	223	The Cars	Heartbeat City	Philadelphia	10:53:53.000	10:59:04.000	Live Aid (1985) - S01E08 - MTV Simulcast.mp4
8	224	Neil Young	Introduction by Joe Piscopo	Philadelphia	11:10:21.000	11:10:31.000	Live Aid (1985) - S01E08 - MTV Simulcast.mp4
8	225	Neil Young	Sugar Mountain	Philadelphia	11:10:31.000	11:15:16.000	Live Aid (1985) - S01E08 - MTV Simulcast.mp4
8	226	Neil Young	The Needle and the Damage Done	Philadelphia	11:15:16.000	11:17:47.000	Live Aid (1985) - S01E08 - MTV Simulcast.mp4
8	227	Neil Young	Helpless	Philadelphia	11:17:47.000	11:22:09.000	Live Aid (1985) - S01E08 - MTV Simulcast.mp4
8	228	Neil Young	Nothing Is Perfect (In God's Perfect Plan)	Philadelphia	11:22:09.000	11:26:53.000	Live Aid (1985) - S01E08 - MTV Simulcast.mp4
8	229	Neil Young	Powderfinger	Philadelphia	11:26:53.000	11:31:42.000	Live Aid (1985) - S01E08 - MTV Simulcast.mp4
8	230	The Power Station	Introduction by Don Johnson	Philadelphia	11:46:21.000	11:46:38.000	Live Aid (1985) - S01E08 - MTV Simulcast.mp4
8	231	The Power Station	Murderess	Philadelphia	11:46:38.000	11:50:58.000	Live Aid (1985) - S01E08 - MTV Simulcast.mp4
8	232	The Power Station	Get It On	Philadelphia	11:50:58.000	11:56:58.000	Live Aid (1985) - S01E08 - MTV Simulcast.mp4
8	233	Thompson Twins	Introduction by Bette Midler	Philadelphia	12:25:21.000	12:26:14.000	Live Aid (1985) - S01E08 - MTV Simulcast.mp4
8	234	Thompson Twins	Hold Me Now	Philadelphia	12:26:14.000	12:34:13.000	Live Aid (1985) - S01E08 - MTV Simulcast.mp4
8	235	Thompson Twins + Madonna + Steve Stevens + Nile Rodgers	Revolution	Philadelphia	12:34:13.000	12:39:00.000	Live Aid (1985) - S01E08 - MTV Simulcast.mp4
8	236	Eric Clapton	Introduction by Bill Graham	Philadelphia	12:42:21.000	12:42:31.000	Live Aid (1985) - S01E08 - MTV Simulcast.mp4
8	237	Eric Clapton	White Room	Philadelphia	12:42:31.000	12:47:44.000	Live Aid (1985) - S01E08 - MTV Simulcast.mp4
8	238	Eric Clapton	She's Waiting	Philadelphia	12:47:44.000	12:52:28.000	Live Aid (1985) - S01E08 - MTV Simulcast.mp4
8	239	Eric Clapton	Layla	Philadelphia	12:52:28.000	12:59:12.000	Live Aid (1985) - S01E08 - MTV Simulcast.mp4
8	240	Phil Collins	Introduction by Jack Nicholson and Bette Midler	Philadelphia	13:04:21.000	13:05:23.000	Live Aid (1985) - S01E08 - MTV Simulcast.mp4
8	241	Phil Collins	Against All Odds (Take a Look at Me Now)	Philadelphia	13:05:23.000	13:09:08.000	Live Aid (1985) - S01E08 - MTV Simulcast.mp4
8	242	Phil Collins	In the Air Tonight	Philadelphia	13:09:08.000	13:13:44.000	Live Aid (1985) - S01E08 - MTV Simulcast.mp4
8	243	Led Zeppelin	Introduction by Phil Collins	Philadelphia	13:14:21.000	13:15:57.000	Live Aid (1985) - S01E08 - MTV Simulcast.mp4
8	244	Led Zeppelin	Rock and Roll	Philadelphia	13:15:57.000	13:20:40.000	Live Aid (1985) - S01E08 - MTV Simulcast.mp4
8	245	Led Zeppelin	Whole Lotta Love	Philadelphia	13:20:40.000	13:26:00.000	Live Aid (1985) - S01E08 - MTV Simulcast.mp4
8	246	Led Zeppelin	Stairway to Heaven	Philadelphia	13:26:00.000	13:35:19.000	Live Aid (1985) - S01E08 - MTV Simulcast.mp4
8	247	Crosby, Stills, Nash & Young	Only Love Can Break Your Heart	Philadelphia	13:43:21.000	13:46:54.000	Live Aid (1985) - S01E08 - MTV Simulcast.mp4
8	248	Crosby, Stills, Nash & Young	Tuning	Philadelphia	13:46:54.000	13:47:38.000	Live Aid (1985) - S01E08 - MTV Simulcast.mp4
8	249	Crosby, Stills, Nash & Young	Daylight Again	Philadelphia	13:47:38.000	13:50:03.000	Live Aid (1985) - S01E08 - MTV Simulcast.mp4
8	250	Duran Duran	Introduction by Chevy Chase	Philadelphia	13:50:21.000	13:50:36.000	Live Aid (1985) - S01E08 - MTV Simulcast.mp4
8	251	Duran Duran	A View to a Kill	Philadelphia	13:50:36.000	13:54:43.000	Live Aid (1985) - S01E08 - MTV Simulcast.mp4
8	252	Duran Duran	Union of the Snake	Philadelphia	13:54:43.000	13:59:24.000	Live Aid (1985) - S01E08 - MTV Simulcast.mp4
8	253	Duran Duran	Save a Prayer	Philadelphia	13:59:24.000	14:06:08.000	Live Aid (1985) - S01E08 - MTV Simulcast.mp4
8	254	Duran Duran	The Reflex	Philadelphia	14:06:08.000	14:12:09.000	Live Aid (1985) - S01E08 - MTV Simulcast.mp4
8	255	Cliff Richard	Introduction by Andy Kershaw	Video - BBC Chat Room	14:15:21.000	14:15:22.000	Live Aid (1985) - S01E08 - MTV Simulcast.mp4
8	256	Cliff Richard	A World of Difference	Video - BBC Chat Room	14:15:31.000	14:18:17.000	Live Aid (1985) - S01E08 - MTV Simulcast.mp4
8	257	Patti LaBelle	Introduction by Bette Midler	Philadelphia	14:24:21.000	14:24:53.000	Live Aid (1985) - S01E08 - MTV Simulcast.mp4
8	258	Patti LaBelle	New Attitude	Philadelphia	14:24:53.000	14:27:44.000	Live Aid (1985) - S01E08 - MTV Simulcast.mp4
8	259	Patti LaBelle	Imagine	Philadelphia	14:27:44.000	14:32:28.000	Live Aid (1985) - S01E08 - MTV Simulcast.mp4
8	260	Patti LaBelle	Forever Young	Philadelphia	14:32:28.000	14:38:22.000	Live Aid (1985) - S01E08 - MTV Simulcast.mp4
8	261	Patti LaBelle	Stir It Up	Philadelphia	14:38:22.000	14:40:42.000	Live Aid (1985) - S01E08 - MTV Simulcast.mp4
8	262	Patti LaBelle	Over the Rainbow	Philadelphia	14:40:42.000	14:43:25.000	Live Aid (1985) - S01E08 - MTV Simulcast.mp4
8	263	Patti LaBelle	Why Can't I Get It Over	Philadelphia	14:43:25.000	14:46:09.000	Live Aid (1985) - S01E08 - MTV Simulcast.mp4
8	264	Hall & Oates	Introduction by Bill Graham of Dionne Warwick	Philadelphia	14:54:21.000	14:54:31.000	Live Aid (1985) - S01E08 - MTV Simulcast.mp4
8	265	Hall & Oates	Introduction by Dionne Warwick	Philadelphia	14:54:31.000	14:55:04.000	Live Aid (1985) - S01E08 - MTV Simulcast.mp4
8	266	Hall & Oates	Out of Touch	Philadelphia	14:55:04.000	14:59:31.000	Live Aid (1985) - S01E08 - MTV Simulcast.mp4
8	267	Hall & Oates	Maneater	Philadelphia	14:59:31.000	15:04:58.000	Live Aid (1985) - S01E08 - MTV Simulcast.mp4
8	268	Hall & Oates + Eddie Kendricks	Get Ready	Philadelphia	15:04:58.000	15:07:32.000	Live Aid (1985) - S01E08 - MTV Simulcast.mp4
8	269	Hall & Oates + David Ruffin	Ain't Too Proud to Beg	Philadelphia	15:07:32.000	15:10:21.000	Live Aid (1985) - S01E08 - MTV Simulcast.mp4
8	270	Hall & Oates	The Way You Do the Things You Do	Philadelphia	15:10:21.000	15:13:02.000	Live Aid (1985) - S01E08 - MTV Simulcast.mp4
8	271	Hall & Oates + Eddie Kendricks + David Ruffin	My Girl	Philadelphia	15:13:02.000	15:16:43.000	Live Aid (1985) - S01E08 - MTV Simulcast.mp4
8	272	Mick Jagger	Introduction by Bette Midler	Philadelphia	15:19:21.000	15:19:50.000	Live Aid (1985) - S01E08 - MTV Simulcast.mp4
8	273	Mick Jagger	Lonely at the Top	Philadelphia	15:19:50.000	15:23:15.000	Live Aid (1985) - S01E08 - MTV Simulcast.mp4
8	274	Mick Jagger	Just Another Night	Philadelphia	15:23:15.000	15:28:42.000	Live Aid (1985) - S01E08 - MTV Simulcast.mp4
8	275	Mick Jagger	Miss You	Philadelphia	15:28:42.000	15:33:52.000	Live Aid (1985) - S01E08 - MTV Simulcast.mp4
8	276	Mick Jagger + Tina Turner	State of Shock	Philadelphia	15:33:52.000	15:36:26.000	Live Aid (1985) - S01E08 - MTV Simulcast.mp4
8	277	Mick Jagger + Tina Turner	It's Only Rock 'n Roll (But I Like It) (Reprise)	Philadelphia	15:36:26.000	15:39:21.000	Live Aid (1985) - S01E08 - MTV Simulcast.mp4
8	278	Bob Dylan + Keith Richards + Ronnie Wood	Introduction by Bill Graham of Jack Nicholson	Philadelphia	15:43:21.000	15:43:41.000	Live Aid (1985) - S01E08 - MTV Simulcast.mp4
8	279	Bob Dylan + Keith Richards + Ronnie Wood	Introduction by Jack Nicholson	Philadelphia	15:43:41.000	15:44:30.000	Live Aid (1985) - S01E08 - MTV Simulcast.mp4
8	280	Bob Dylan + Keith Richards + Ronnie Wood	Ballad of Hollis Brown	Philadelphia	15:44:30.000	15:49:04.000	Live Aid (1985) - S01E08 - MTV Simulcast.mp4
8	281	Bob Dylan + Keith Richards + Ronnie Wood	When the Ship Comes In	Philadelphia	15:49:04.000	15:52:40.000	Live Aid (1985) - S01E08 - MTV Simulcast.mp4
8	282	Bob Dylan + Keith Richards + Ronnie Wood	Blowin' in the Wind	Philadelphia	15:52:40.000	15:57:16.000	Live Aid (1985) - S01E08 - MTV Simulcast.mp4
8	283	USA for Africa	We Are the World	Philadelphia	15:59:21.000	16:08:18.000	Live Aid (1985) - S01E08 - MTV Simulcast.mp4
8	284	MTV	Closing Segments	Philadelphia	16:08:18.000	16:53:04.680	Live Aid (1985) - S01E08 - MTV Simulcast.mp4
							
9	1	MTV	Opening Segment	Video	00:00:00.000	00:00:54.000	Live Aid (1985) - S01E09 - Oz for Africa - MTV Simulcast.mp4
9	2	Mental as Everything	Live It Up	Sydney	00:00:54.000	00:05:33.000	Live Aid (1985) - S01E09 - Oz for Africa - MTV Simulcast.mp4
9	3	Mental as Everything	If You Leave Me, Can I Come Too?	Sydney	00:05:33.000	00:08:50.000	Live Aid (1985) - S01E09 - Oz for Africa - MTV Simulcast.mp4
9	4	Mental as Everything	You're So Strong	Sydney	00:08:50.000	00:13:20.000	Live Aid (1985) - S01E09 - Oz for Africa - MTV Simulcast.mp4
9	5	Machinations	Pressure Sway	Sydney	00:13:20.000	00:19:22.000	Live Aid (1985) - S01E09 - Oz for Africa - MTV Simulcast.mp4
9	6	Machinations	My Heart's On Fire	Sydney	00:19:22.000	00:24:42.000	Live Aid (1985) - S01E09 - Oz for Africa - MTV Simulcast.mp4
9	7	Machinations	No Say In It	Sydney	00:24:42.000	00:29:01.000	Live Aid (1985) - S01E09 - Oz for Africa - MTV Simulcast.mp4
9	8	I'm Talking	Lead the Way	Sydney	00:29:01.000	00:34:13.000	Live Aid (1985) - S01E09 - Oz for Africa - MTV Simulcast.mp4
9	9	Models	Big On Love	Sydney	00:34:13.000	00:38:55.000	Live Aid (1985) - S01E09 - Oz for Africa - MTV Simulcast.mp4
9	10	Models	I Hear Motion	Sydney	00:38:55.000	00:44:20.000	Live Aid (1985) - S01E09 - Oz for Africa - MTV Simulcast.mp4
9	11	Models	Stormy Tonight	Sydney	00:44:20.000	00:48:07.000	Live Aid (1985) - S01E09 - Oz for Africa - MTV Simulcast.mp4
9	12	Models	Out of Mind, Out of Sight	Sydney	00:48:07.000	00:51:53.000	Live Aid (1985) - S01E09 - Oz for Africa - MTV Simulcast.mp4
9	13	Do-Ré-Mi	Man Overboard	Sydney	00:51:53.000	00:57:01.000	Live Aid (1985) - S01E09 - Oz for Africa - MTV Simulcast.mp4
9	14	Do-Ré-Mi	Warnings Moving Clockwise	Sydney	00:57:01.000	01:00:55.000	Live Aid (1985) - S01E09 - Oz for Africa - MTV Simulcast.mp4
9	15	Do-Ré-Mi	1000 Mouths	Sydney	01:00:55.000	01:04:46.000	Live Aid (1985) - S01E09 - Oz for Africa - MTV Simulcast.mp4
9	16	Electric Pandas	Missing Me	Sydney	01:04:46.000	01:08:40.000	Live Aid (1985) - S01E09 - Oz for Africa - MTV Simulcast.mp4
9	17	Electric Pandas	Let's Gamble	Sydney	01:08:40.000	01:11:55.000	Live Aid (1985) - S01E09 - Oz for Africa - MTV Simulcast.mp4
9	18	Dragon	Speak No Evil	Sydney	01:11:55.000	01:16:31.000	Live Aid (1985) - S01E09 - Oz for Africa - MTV Simulcast.mp4
9	19	Dragon	Rain	Sydney	01:16:31.000	01:22:38.000	Live Aid (1985) - S01E09 - Oz for Africa - MTV Simulcast.mp4
9	20	Dragon	Are You Old Enough	Sydney	01:22:38.000	01:28:15.000	Live Aid (1985) - S01E09 - Oz for Africa - MTV Simulcast.mp4
9	21	MTV	Space Promo	Video	01:28:15.000	01:30:13.000	Live Aid (1985) - S01E09 - Oz for Africa - MTV Simulcast.mp4
9	22	Men at Work	Maria	Sydney	01:30:13.000	01:35:36.000	Live Aid (1985) - S01E09 - Oz for Africa - MTV Simulcast.mp4
9	23	Men at Work	Overkill	Sydney	01:35:36.000	01:39:44.000	Live Aid (1985) - S01E09 - Oz for Africa - MTV Simulcast.mp4
9	24	Men at Work	The Longest Night	Sydney	01:39:44.000	01:44:10.000	Live Aid (1985) - S01E09 - Oz for Africa - MTV Simulcast.mp4
9	25	Australian Crawl	Reckless (Don't Be So)	Sydney	01:44:10.000	01:49:52.000	Live Aid (1985) - S01E09 - Oz for Africa - MTV Simulcast.mp4
9	26	Australian Crawl	Two Can Play	Sydney	01:49:52.000	01:54:19.000	Live Aid (1985) - S01E09 - Oz for Africa - MTV Simulcast.mp4
9	27	Australian Crawl	The Boys Light Up	Sydney	01:54:19.000	01:59:37.000	Live Aid (1985) - S01E09 - Oz for Africa - MTV Simulcast.mp4
9	28	Party Girls	Isolation	Sydney	01:59:37.000	02:03:24.000	Live Aid (1985) - S01E09 - Oz for Africa - MTV Simulcast.mp4
9	29	MTV	Live Aid Promo	Video	02:03:24.000	02:03:34.000	Live Aid (1985) - S01E09 - Oz for Africa - MTV Simulcast.mp4
9	30	Uncanny X-Men	Work	Sydney	02:03:34.000	02:07:19.000	Live Aid (1985) - S01E09 - Oz for Africa - MTV Simulcast.mp4
9	31	Uncanny X-Men	50 Years	Sydney	02:07:19.000	02:12:10.000	Live Aid (1985) - S01E09 - Oz for Africa - MTV Simulcast.mp4
9	32	Goanna	Common Ground	Sydney	02:12:10.000	02:17:32.000	Live Aid (1985) - S01E09 - Oz for Africa - MTV Simulcast.mp4
9	33	Goanna	Song for Africa	Sydney	02:17:32.000	02:22:00.000	Live Aid (1985) - S01E09 - Oz for Africa - MTV Simulcast.mp4
9	34	Goanna	Solid Rock	Sydney	02:22:00.000	02:28:54.000	Live Aid (1985) - S01E09 - Oz for Africa - MTV Simulcast.mp4
9	35	MTV	Cartoon Promo	Video	02:28:54.000	02:31:11.000	Live Aid (1985) - S01E09 - Oz for Africa - MTV Simulcast.mp4
9	36	Little River Band	Don't Blame Me	Sydney	02:31:11.000	02:34:31.000	Live Aid (1985) - S01E09 - Oz for Africa - MTV Simulcast.mp4
9	37	Little River Band	Full Circle	Sydney	02:34:31.000	02:36:25.000	Live Aid (1985) - S01E09 - Oz for Africa - MTV Simulcast.mp4
9	38	Little River Band	Night Owls	Sydney	02:36:25.000	02:41:22.000	Live Aid (1985) - S01E09 - Oz for Africa - MTV Simulcast.mp4
9	39	Little River Band	Playing to Win	Sydney	02:41:22.000	02:44:57.000	Live Aid (1985) - S01E09 - Oz for Africa - MTV Simulcast.mp4
9	40	Mondo Rock	Cool World	Sydney	02:44:57.000	02:48:12.000	Live Aid (1985) - S01E09 - Oz for Africa - MTV Simulcast.mp4
9	41	MTV	Don’t Go Away Promo	Video	02:48:12.000	02:49:22.000	Live Aid (1985) - S01E09 - Oz for Africa - MTV Simulcast.mp4
9	42	Mondo Rock	The Moment	Sydney	02:49:22.000	02:51:59.000	Live Aid (1985) - S01E09 - Oz for Africa - MTV Simulcast.mp4
9	43	Mondo Rock	Modern Bop	Sydney	02:51:59.000	02:55:22.000	Live Aid (1985) - S01E09 - Oz for Africa - MTV Simulcast.mp4
9	44	Mondo Rock	Come Said the Boy	Sydney	02:55:22.000	03:00:34.000	Live Aid (1985) - S01E09 - Oz for Africa - MTV Simulcast.mp4
9	45	Angel City	Small Price	Sydney	03:00:34.000	03:06:34.000	Live Aid (1985) - S01E09 - Oz for Africa - MTV Simulcast.mp4
9	46	Angel City	Eat City	Sydney	03:06:34.000	03:12:14.000	Live Aid (1985) - S01E09 - Oz for Africa - MTV Simulcast.mp4
9	47	Angel City	Underground	Sydney	03:12:14.000	03:17:30.000	Live Aid (1985) - S01E09 - Oz for Africa - MTV Simulcast.mp4
9	48	Angel City	Take a Long Line	Sydney	03:17:30.000	03:23:18.000	Live Aid (1985) - S01E09 - Oz for Africa - MTV Simulcast.mp4
9	49	MTV	Promo	Video	03:23:18.000	03:25:32.000	Live Aid (1985) - S01E09 - Oz for Africa - MTV Simulcast.mp4
9	50	Renee Geyer	Put a Little Love in Your Heart (cover)	Sydney	03:25:32.000	03:32:09.000	Live Aid (1985) - S01E09 - Oz for Africa - MTV Simulcast.mp4
9	51	Renee Geyer	All My Love	Sydney	03:32:09.000	03:33:39.000	Live Aid (1985) - S01E09 - Oz for Africa - MTV Simulcast.mp4
9	52	Renee Geyer	Telling it like it Is	Sydney	03:33:39.000	03:37:59.000	Live Aid (1985) - S01E09 - Oz for Africa - MTV Simulcast.mp4
9	53	INXS	Original Sin	Sydney	03:37:59.000	03:43:43.000	Live Aid (1985) - S01E09 - Oz for Africa - MTV Simulcast.mp4
9	54	INXS	Listen Like Thieves	Sydney	03:43:43.000	03:48:29.000	Live Aid (1985) - S01E09 - Oz for Africa - MTV Simulcast.mp4
9	55	INXS	Kiss the Dirt	Sydney	03:48:29.000	03:52:26.000	Live Aid (1985) - S01E09 - Oz for Africa - MTV Simulcast.mp4
9	56	INXS	What You Need	Sydney	03:52:26.000	03:56:29.000	Live Aid (1985) - S01E09 - Oz for Africa - MTV Simulcast.mp4
9	57	INXS	Don't Change	Sydney	03:56:29.000	04:01:43.000	Live Aid (1985) - S01E09 - Oz for Africa - MTV Simulcast.mp4
9	58	MTV	Closing Segment	Sydney	04:01:43.000	04:03:12.420	Live Aid (1985) - S01E09 - Oz for Africa - MTV Simulcast.mp4
							
10	1	Queen	Introduction by Andy Peebles	London	00:00:00.000	00:00:09.000	Live Aid (1985) - S01E10 - Queen Restoration.mp4
10	2	Queen	Introduction of Queen by Griff Rhys-Jones + Mel Smith	London	00:00:09.000	00:01:52.000	Live Aid (1985) - S01E10 - Queen Restoration.mp4
10	3	Queen	Stage Intro	London	00:01:52.000	00:02:10.000	Live Aid (1985) - S01E10 - Queen Restoration.mp4
10	4	Queen	Bohemian Rhapsody 	London	00:02:10.000	00:04:31.000	Live Aid (1985) - S01E10 - Queen Restoration.mp4
10	5	Queen	Radio Ga Ga	London	00:04:31.000	00:08:37.000	Live Aid (1985) - S01E10 - Queen Restoration.mp4
10	6	Queen	Ay-Oh (Audience Call and Response)	London	00:08:37.000	00:09:24.000	Live Aid (1985) - S01E10 - Queen Restoration.mp4
10	7	Queen	Hammer to Fall	London	00:09:24.000	00:13:47.000	Live Aid (1985) - S01E10 - Queen Restoration.mp4
10	8	Queen	Crazy Little Thing Called Love	London	00:13:47.000	00:17:50.000	Live Aid (1985) - S01E10 - Queen Restoration.mp4
10	9	Queen	We Will Rock You	London	00:17:50.000	00:19:08.000	Live Aid (1985) - S01E10 - Queen Restoration.mp4
10	10	Queen	We Are The Champions	London	00:19:08.000	00:22:56.000	Live Aid (1985) - S01E10 - Queen Restoration.mp4
10	11	Freddie Mercury + Brian May	Introduction by John Hurt	London	00:22:56.000	00:23:39.000	Live Aid (1985) - S01E10 - Queen Restoration.mp4
10	12	Freddie Mercury + Brian May	Is This The World We Created...?	London	00:23:39.000	00:27:02.000	Live Aid (1985) - S01E10 - Queen Restoration.mp4